customer_name,artist_name,total_bill
Hugh                                               O'Reilly                                          ,Queen,27.72
Wyatt                                              Girard                                            ,Frank Sinatra,23.76
Robert                                             Brown                                             ,Creedence Clearwater Revival,19.8
Aaron                                              Mitchell                                          ,James Brown,19.8
R                                                  Madhav                                            ,Kiss,19.8
François                                           Tremblay                                          ,The Who,19.8
Helena                                             Holý                                              ,Red Hot Chili Peppers,19.8
Heather                                            Leacock                                           ,House Of Pain,18.81
Niklas                                             Schröder                                          ,Queen,18.81
Hugh                                               O'Reilly                                          ,Nirvana,18.81
Mark                                               Taylor                                            ,The Clash,17.82
Camille                                            Bernard                                           ,Marisa Monte,17.82
R                                                  Madhav                                            ,Eric Clapton,17.82
Richard                                            Cunningham                                        ,Marvin Gaye,17.82
François                                           Tremblay                                          ,Queen,17.82
Hugh                                               O'Reilly                                          ,Marisa Monte,17.82
Ladislav                                           Kovács                                            ,The Cult,17.82
Luís                                               Gonçalves                                         ,The Cult,17.82
Dan                                                Miller                                            ,Eric Clapton,17.82
Steve                                              Murray                                            ,AC/DC,17.82
Frank                                              Harris                                            ,Van Halen,16.83
Enrique                                            Muñoz                                             ,Jimi Hendrix,16.83
Fynn                                               Zimmermann                                        ,Jimi Hendrix,16.83
Roberto                                            Almeida                                           ,Jimi Hendrix,16.83
Helena                                             Holý                                              ,Jimi Hendrix,16.83
Patrick                                            Gray                                              ,Nirvana,16.83
François                                           Tremblay                                          ,Jimi Hendrix,16.83
Julia                                              Barnett                                           ,Jimi Hendrix,16.83
Joakim                                             Johansson                                         ,Soundgarden,16.83
Manoj                                              Pareek                                            ,Jimi Hendrix,16.83
João                                               Fernandes                                         ,Jimi Hendrix,16.83
João                                               Fernandes                                         ,Queen,16.83
Manoj                                              Pareek                                            ,O Rappa,16.83
Fynn                                               Zimmermann                                        ,Kiss,15.84
Victor                                             Stevens                                           ,Pearl Jam,15.84
Lucas                                              Mancini                                           ,The Rolling Stones,15.84
Emma                                               Jones                                             ,Red Hot Chili Peppers,15.84
Fernanda                                           Ramos                                             ,Red Hot Chili Peppers,15.84
Michelle                                           Brooks                                            ,Guns N' Roses,15.84
Astrid                                             Gruber                                            ,Miles Davis,14.85
Martha                                             Silk                                              ,Guns N' Roses,14.85
Dominique                                          Lefebvre                                          ,Pearl Jam,14.85
Eduardo                                            Martins                                           ,Metallica,14.85
Mark                                               Taylor                                            ,Aerosmith,14.85
Luis                                               Rojas                                             ,Red Hot Chili Peppers,14.85
Phil                                               Hughes                                            ,Motörhead,14.85
Jennifer                                           Peterson                                          ,Aerosmith,14.85
Diego                                              Gutiérrez                                         ,Green Day,13.86
Michelle                                           Brooks                                            ,Os Mutantes,13.86
Helena                                             Holý                                              ,Van Halen,13.86
Enrique                                            Muñoz                                             ,Miles Davis,13.86
Frank                                              Ralston                                           ,Chris Cornell,13.86
Hannah                                             Schneider                                         ,Miles Davis,13.86
Luís                                               Gonçalves                                         ,Rush,13.86
Heather                                            Leacock                                           ,Green Day,13.86
Fernanda                                           Ramos                                             ,Antônio Carlos Jobim,13.86
Terhi                                              Hämäläinen                                        ,The Police,13.86
Leonie                                             Köhler                                            ,Audioslave,13.86
Phil                                               Hughes                                            ,The Police,13.86
Joakim                                             Johansson                                         ,Guns N' Roses,13.86
Aaron                                              Mitchell                                          ,Chris Cornell,13.86
Alexandre                                          Rocha                                             ,Pearl Jam,13.86
Kathy                                              Chase                                             ,Van Halen,12.87
Fynn                                               Zimmermann                                        ,U2,12.87
João                                               Fernandes                                         ,Alanis Morissette,12.87
Astrid                                             Gruber                                            ,Nirvana,12.87
R                                                  Madhav                                            ,R.E.M.,12.87
Edward                                             Francis                                           ,Alanis Morissette,12.87
Manoj                                              Pareek                                            ,JET,12.87
Phil                                               Hughes                                            ,JET,12.87
Emma                                               Jones                                             ,Alanis Morissette,12.87
Alexandre                                          Rocha                                             ,JET,12.87
Dominique                                          Lefebvre                                          ,Foo Fighters,12.87
Ellie                                              Sullivan                                          ,Pearl Jam,12.87
Johannes                                           Van der Berg                                      ,Amy Winehouse,12.87
Luís                                               Gonçalves                                         ,JET,12.87
Heather                                            Leacock                                           ,Amy Winehouse,11.88
R                                                  Madhav                                            ,Jota Quest,11.88
Puja                                               Srivastava                                        ,The Cult,11.88
João                                               Fernandes                                         ,Godsmack,11.88
Dominique                                          Lefebvre                                          ,Scorpions,11.88
Bjørn                                              Hansen                                            ,Guns N' Roses,11.88
Richard                                            Cunningham                                        ,Scorpions,11.88
Frank                                              Harris                                            ,Godsmack,11.88
Fynn                                               Zimmermann                                        ,Amy Winehouse,11.88
Wyatt                                              Girard                                            ,Godsmack,11.88
Victor                                             Stevens                                           ,The Rolling Stones,11.88
Jennifer                                           Peterson                                          ,Nirvana,11.88
Tim                                                Goyer                                             ,The Rolling Stones,11.88
Camille                                            Bernard                                           ,Scorpions,11.88
Ladislav                                           Kovács                                            ,Godsmack,11.88
Phil                                               Hughes                                            ,Queen,11.88
Frank                                              Harris                                            ,R.E.M.,11.88
Jack                                               Smith                                             ,Foo Fighters,11.88
Steve                                              Murray                                            ,Stone Temple Pilots,11.88
Marc                                               Dubois                                            ,Queen,11.88
Daan                                               Peeters                                           ,Godsmack,11.88
Luis                                               Rojas                                             ,Pearl Jam,11.88
Victor                                             Stevens                                           ,Alice In Chains,11.88
Dan                                                Miller                                            ,Foo Fighters,11.88
Fernanda                                           Ramos                                             ,Jamiroquai,10.89
Phil                                               Hughes                                            ,AC/DC,10.89
Ellie                                              Sullivan                                          ,Queen,10.89
Roberto                                            Almeida                                           ,Metallica,10.89
Bjørn                                              Hansen                                            ,The Doors,10.89
Roberto                                            Almeida                                           ,R.E.M.,10.89
Kathy                                              Chase                                             ,AC/DC,10.89
Lucas                                              Mancini                                           ,Queen,10.89
R                                                  Madhav                                            ,Foo Fighters,10.89
Patrick                                            Gray                                              ,System Of A Down,10.89
Patrick                                            Gray                                              ,The Doors,10.89
Mark                                               Taylor                                            ,System Of A Down,10.89
Kathy                                              Chase                                             ,Skank,10.89
Victor                                             Stevens                                           ,R.E.M.,10.89
Bjørn                                              Hansen                                            ,Metallica,10.89
Stanisław                                          Wójcik                                            ,Buddy Guy,10.89
Isabelle                                           Mercier                                           ,Deep Purple,9.9
Joakim                                             Johansson                                         ,Iron Maiden,9.9
Stanisław                                          Wójcik                                            ,AC/DC,9.9
Madalena                                           Sampaio                                           ,Iron Maiden,9.9
Fynn                                               Zimmermann                                        ,Iron Maiden,9.9
Puja                                               Srivastava                                        ,Marillion,9.9
Fynn                                               Zimmermann                                        ,Jamiroquai,9.9
Emma                                               Jones                                             ,Pink Floyd,8.91
Frank                                              Ralston                                           ,AC/DC,7.92
Kathy                                              Chase                                             ,Black Sabbath,7.92
Luís                                               Gonçalves                                         ,AC/DC,7.92
François                                           Tremblay                                          ,Apocalyptica,7.92
Alexandre                                          Rocha                                             ,Metallica,7.92
Frank                                              Ralston                                           ,Black Sabbath,6.93
Madalena                                           Sampaio                                           ,Jimi Hendrix,4.95
Dan                                                Miller                                            ,Van Halen,4.95
Jack                                               Smith                                             ,Amy Winehouse,4.95
R                                                  Madhav                                            ,Nirvana,4.95
John                                               Gordon                                            ,Green Day,4.95
Daan                                               Peeters                                           ,Foo Fighters,4.95
Jack                                               Smith                                             ,U2,4.95
Edward                                             Francis                                           ,Eric Clapton,4.95
Dan                                                Miller                                            ,Red Hot Chili Peppers,3.96
Michelle                                           Brooks                                            ,Pearl Jam,3.96
Jack                                               Smith                                             ,Nirvana,3.96
Isabelle                                           Mercier                                           ,Green Day,3.96
Enrique                                            Muñoz                                             ,Foo Fighters,3.96
Luis                                               Rojas                                             ,Guns N' Roses,3.96
Bjørn                                              Hansen                                            ,System Of A Down,3.96
Victor                                             Stevens                                           ,The Clash,3.96
Hannah                                             Schneider                                         ,U2,3.96
Dan                                                Miller                                            ,The Who,3.96
Dan                                                Miller                                            ,Queen,3.96
Martha                                             Silk                                              ,Red Hot Chili Peppers,3.96
Enrique                                            Muñoz                                             ,Frank Sinatra,3.96
Jack                                               Smith                                             ,Def Leppard,3.96
Julia                                              Barnett                                           ,R.E.M.,3.96
Terhi                                              Hämäläinen                                        ,The Clash,3.96
Isabelle                                           Mercier                                           ,Led Zeppelin,3.96
Niklas                                             Schröder                                          ,Amy Winehouse,3.96
John                                               Gordon                                            ,The Who,3.96
Isabelle                                           Mercier                                           ,Metallica,3.96
François                                           Tremblay                                          ,Black Sabbath,3.96
Bjørn                                              Hansen                                            ,Van Halen,3.96
Manoj                                              Pareek                                            ,The Rolling Stones,3.96
Terhi                                              Hämäläinen                                        ,Jimi Hendrix,3.96
Marc                                               Dubois                                            ,Amy Winehouse,3.96
Hannah                                             Schneider                                         ,Metallica,3.96
Martha                                             Silk                                              ,AC/DC,3.96
Luis                                               Rojas                                             ,Green Day,3.96
Julia                                              Barnett                                           ,The Doors,3.96
R                                                  Madhav                                            ,Queen,3.96
Wyatt                                              Girard                                            ,Amy Winehouse,3.96
Jack                                               Smith                                             ,Metallica,3.96
Manoj                                              Pareek                                            ,Foo Fighters,3.96
Kara                                               Nielsen                                           ,Jamiroquai,3.96
Heather                                            Leacock                                           ,Guns N' Roses,3.96
Manoj                                              Pareek                                            ,Iron Maiden,3.96
Ellie                                              Sullivan                                          ,The Rolling Stones,3.96
Astrid                                             Gruber                                            ,Ozzy Osbourne,2.97
Steve                                              Murray                                            ,The Rolling Stones,2.97
Jack                                               Smith                                             ,Red Hot Chili Peppers,2.97
Kathy                                              Chase                                             ,Pink Floyd,2.97
Ladislav                                           Kovács                                            ,Red Hot Chili Peppers,2.97
Dan                                                Miller                                            ,Soundgarden,2.97
Leonie                                             Köhler                                            ,System Of A Down,2.97
Isabelle                                           Mercier                                           ,R.E.M.,2.97
Hannah                                             Schneider                                         ,Red Hot Chili Peppers,2.97
Fernanda                                           Ramos                                             ,Foo Fighters,2.97
Ladislav                                           Kovács                                            ,Foo Fighters,2.97
Hannah                                             Schneider                                         ,Black Sabbath,2.97
Patrick                                            Gray                                              ,Guns N' Roses,2.97
Hugh                                               O'Reilly                                          ,Ozzy Osbourne,2.97
John                                               Gordon                                            ,Queen,2.97
Heather                                            Leacock                                           ,The Doors,2.97
Luís                                               Gonçalves                                         ,Miles Davis,2.97
Niklas                                             Schröder                                          ,AC/DC,2.97
Steve                                              Murray                                            ,Pearl Jam,2.97
Marc                                               Dubois                                            ,Guns N' Roses,2.97
Hugh                                               O'Reilly                                          ,Red Hot Chili Peppers,2.97
Madalena                                           Sampaio                                           ,AC/DC,2.97
Manoj                                              Pareek                                            ,Alice In Chains,2.97
Camille                                            Bernard                                           ,Rush,2.97
John                                               Gordon                                            ,R.E.M.,2.97
Joakim                                             Johansson                                         ,Alanis Morissette,2.97
João                                               Fernandes                                         ,Green Day,2.97
Kara                                               Nielsen                                           ,Gilberto Gil,2.97
Hannah                                             Schneider                                         ,Green Day,2.97
Leonie                                             Köhler                                            ,Eric Clapton,2.97
Hannah                                             Schneider                                         ,Marvin Gaye,2.97
Isabelle                                           Mercier                                           ,Aerosmith,2.97
Martha                                             Silk                                              ,Nirvana,2.97
Richard                                            Cunningham                                        ,U2,2.97
Edward                                             Francis                                           ,Led Zeppelin,2.97
Manoj                                              Pareek                                            ,Scorpions,2.97
Johannes                                           Van der Berg                                      ,Foo Fighters,2.97
Helena                                             Holý                                              ,Deep Purple,2.97
Edward                                             Francis                                           ,The Rolling Stones,2.97
Phil                                               Hughes                                            ,Foo Fighters,2.97
Hugh                                               O'Reilly                                          ,Rush,2.97
Eduardo                                            Martins                                           ,Jamiroquai,2.97
Luis                                               Rojas                                             ,Aerosmith,2.97
Jack                                               Smith                                             ,Green Day,2.97
Edward                                             Francis                                           ,Iron Maiden,2.97
Manoj                                              Pareek                                            ,Rush,2.97
Dan                                                Miller                                            ,Alice In Chains,2.97
Kathy                                              Chase                                             ,Metallica,2.97
Bjørn                                              Hansen                                            ,Green Day,2.97
Tim                                                Goyer                                             ,Creedence Clearwater Revival,2.97
Luís                                               Gonçalves                                         ,Aerosmith,2.97
R                                                  Madhav                                            ,System Of A Down,2.97
Eduardo                                            Martins                                           ,Foo Fighters,2.97
François                                           Tremblay                                          ,Eric Clapton,2.97
Joakim                                             Johansson                                         ,Jimi Hendrix,2.97
Enrique                                            Muñoz                                             ,The Police,2.97
Fernanda                                           Ramos                                             ,U2,2.97
Astrid                                             Gruber                                            ,Black Label Society,2.97
Julia                                              Barnett                                           ,Black Sabbath,2.97
Helena                                             Holý                                              ,The Doors,2.97
Diego                                              Gutiérrez                                         ,Nirvana,2.97
Helena                                             Holý                                              ,U2,2.97
Helena                                             Holý                                              ,AC/DC,2.97
Julia                                              Barnett                                           ,JET,2.97
Terhi                                              Hämäläinen                                        ,The Who,2.97
Marc                                               Dubois                                            ,Frank Sinatra,2.97
Jack                                               Smith                                             ,The Rolling Stones,2.97
Terhi                                              Hämäläinen                                        ,Pearl Jam,2.97
Steve                                              Murray                                            ,Green Day,2.97
Kathy                                              Chase                                             ,Nirvana,2.97
R                                                  Madhav                                            ,The Clash,2.97
Helena                                             Holý                                              ,Iron Maiden,2.97
Fernanda                                           Ramos                                             ,The Who,2.97
Martha                                             Silk                                              ,Frank Sinatra,2.97
Terhi                                              Hämäläinen                                        ,AC/DC,2.97
Martha                                             Silk                                              ,The Rolling Stones,2.97
Isabelle                                           Mercier                                           ,Foo Fighters,2.97
Fernanda                                           Ramos                                             ,Pearl Jam,2.97
Frank                                              Harris                                            ,AC/DC,2.97
Steve                                              Murray                                            ,Queen,2.97
Ellie                                              Sullivan                                          ,System Of A Down,2.97
Eduardo                                            Martins                                           ,System Of A Down,2.97
Leonie                                             Köhler                                            ,The Clash,2.97
Dan                                                Miller                                            ,The Rolling Stones,2.97
Leonie                                             Köhler                                            ,Kiss,2.97
Phil                                               Hughes                                            ,Pink Floyd,2.97
Victor                                             Stevens                                           ,Eric Clapton,2.97
Jack                                               Smith                                             ,Miles Davis,2.97
Roberto                                            Almeida                                           ,The Who,2.97
Joakim                                             Johansson                                         ,The Rolling Stones,2.97
Jack                                               Smith                                             ,Creedence Clearwater Revival,2.97
Martha                                             Silk                                              ,Queen,2.97
Madalena                                           Sampaio                                           ,System Of A Down,2.97
Leonie                                             Köhler                                            ,The Rolling Stones,2.97
Frank                                              Ralston                                           ,U2,2.97
Wyatt                                              Girard                                            ,Led Zeppelin,2.97
Bjørn                                              Hansen                                            ,Def Leppard,2.97
Hannah                                             Schneider                                         ,System Of A Down,2.97
Stanisław                                          Wójcik                                            ,U2,2.97
Eduardo                                            Martins                                           ,Guns N' Roses,2.97
John                                               Gordon                                            ,Frank Sinatra,2.97
Ellie                                              Sullivan                                          ,Led Zeppelin,2.97
Fynn                                               Zimmermann                                        ,System Of A Down,2.97
Frank                                              Harris                                            ,Jamiroquai,2.97
Leonie                                             Köhler                                            ,Pearl Jam,2.97
Mark                                               Philips                                           ,Pink Floyd,2.97
Edward                                             Francis                                           ,Jamiroquai,2.97
Wyatt                                              Girard                                            ,AC/DC,2.97
Fernanda                                           Ramos                                             ,Alanis Morissette,2.97
Madalena                                           Sampaio                                           ,Pink Floyd,2.97
Steve                                              Murray                                            ,Jimi Hendrix,2.97
Luís                                               Gonçalves                                         ,Guns N' Roses,2.97
Hannah                                             Schneider                                         ,Jimi Hendrix,2.97
John                                               Gordon                                            ,Scorpions,2.97
Wyatt                                              Girard                                            ,Eric Clapton,2.97
Edward                                             Francis                                           ,Pink Floyd,2.97
Jack                                               Smith                                             ,Led Zeppelin,2.97
Michelle                                           Brooks                                            ,Amy Winehouse,2.97
Luis                                               Rojas                                             ,Nirvana,2.97
Ellie                                              Sullivan                                          ,Guns N' Roses,2.97
Astrid                                             Gruber                                            ,Jimi Hendrix,2.97
Julia                                              Barnett                                           ,Amy Winehouse,2.97
Wyatt                                              Girard                                            ,Deep Purple,2.97
Eduardo                                            Martins                                           ,The Police,2.97
Kathy                                              Chase                                             ,Pearl Jam,2.97
Daan                                               Peeters                                           ,R.E.M.,2.97
Helena                                             Holý                                              ,System Of A Down,2.97
Robert                                             Brown                                             ,Led Zeppelin,2.97
Dan                                                Miller                                            ,Nirvana,2.97
Michelle                                           Brooks                                            ,Judas Priest,2.97
Julia                                              Barnett                                           ,Red Hot Chili Peppers,2.97
Kathy                                              Chase                                             ,Led Zeppelin,2.97
Wyatt                                              Girard                                            ,Alice In Chains,2.97
Camille                                            Bernard                                           ,R.E.M.,2.97
Richard                                            Cunningham                                        ,Jamiroquai,2.97
Stanisław                                          Wójcik                                            ,Red Hot Chili Peppers,2.97
Isabelle                                           Mercier                                           ,The Rolling Stones,2.97
Hannah                                             Schneider                                         ,Led Zeppelin,2.97
Leonie                                             Köhler                                            ,Chris Cornell,2.97
Eduardo                                            Martins                                           ,Iron Maiden,2.97
Leonie                                             Köhler                                            ,The Doors,2.97
Bjørn                                              Hansen                                            ,JET,2.97
Wyatt                                              Girard                                            ,Green Day,2.97
Dominique                                          Lefebvre                                          ,The Who,2.97
Tim                                                Goyer                                             ,Nirvana,2.97
Mark                                               Philips                                           ,Lenny Kravitz,2.97
Dominique                                          Lefebvre                                          ,Black Sabbath,2.97
Dan                                                Miller                                            ,U2,2.97
Johannes                                           Van der Berg                                      ,U2,1.98
Madalena                                           Sampaio                                           ,The Police,1.98
Roberto                                            Almeida                                           ,U2,1.98
Jack                                               Smith                                             ,Deep Purple,1.98
Richard                                            Cunningham                                        ,System Of A Down,1.98
Kathy                                              Chase                                             ,Foo Fighters,1.98
Martha                                             Silk                                              ,The Police,1.98
Frank                                              Harris                                            ,Queen,1.98
Terhi                                              Hämäläinen                                        ,Motörhead,1.98
Daan                                               Peeters                                           ,JET,1.98
Hannah                                             Schneider                                         ,Iron Maiden,1.98
Hugh                                               O'Reilly                                          ,Eric Clapton,1.98
Edward                                             Francis                                           ,Faith No More,1.98
Luis                                               Rojas                                             ,Godsmack,1.98
Martha                                             Silk                                              ,The Who,1.98
Madalena                                           Sampaio                                           ,Foo Fighters,1.98
Hannah                                             Schneider                                         ,The Police,1.98
Roberto                                            Almeida                                           ,Amy Winehouse,1.98
Steve                                              Murray                                            ,Lenny Kravitz,1.98
Hannah                                             Schneider                                         ,The Clash,1.98
Helena                                             Holý                                              ,Led Zeppelin,1.98
Dan                                                Miller                                            ,AC/DC,1.98
Phil                                               Hughes                                            ,U2,1.98
Michelle                                           Brooks                                            ,Soundgarden,1.98
John                                               Gordon                                            ,Godsmack,1.98
Helena                                             Holý                                              ,R.E.M.,1.98
Terhi                                              Hämäläinen                                        ,Miles Davis,1.98
Joakim                                             Johansson                                         ,The Police,1.98
Niklas                                             Schröder                                          ,Pink Floyd,1.98
Wyatt                                              Girard                                            ,Audioslave,1.98
Marc                                               Dubois                                            ,Green Day,1.98
Isabelle                                           Mercier                                           ,Scorpions,1.98
Jennifer                                           Peterson                                          ,Metallica,1.98
Michelle                                           Brooks                                            ,System Of A Down,1.98
Johannes                                           Van der Berg                                      ,Buddy Guy,1.98
Julia                                              Barnett                                           ,Foo Fighters,1.98
Jennifer                                           Peterson                                          ,Scorpions,1.98
Luis                                               Rojas                                             ,Led Zeppelin,1.98
R                                                  Madhav                                            ,Frank Sinatra,1.98
Madalena                                           Sampaio                                           ,Scorpions,1.98
Tim                                                Goyer                                             ,Black Sabbath,1.98
Heather                                            Leacock                                           ,The Who,1.98
Enrique                                            Muñoz                                             ,Incognito,1.98
Manoj                                              Pareek                                            ,Velvet Revolver,1.98
João                                               Fernandes                                         ,AC/DC,1.98
Michelle                                           Brooks                                            ,Frank Sinatra,1.98
Luis                                               Rojas                                             ,The Doors,1.98
Stanisław                                          Wójcik                                            ,Nirvana,1.98
Dan                                                Miller                                            ,Apocalyptica,1.98
Camille                                            Bernard                                           ,Pearl Jam,1.98
Roberto                                            Almeida                                           ,JET,1.98
Aaron                                              Mitchell                                          ,Nirvana,1.98
Kathy                                              Chase                                             ,R.E.M.,1.98
Ladislav                                           Kovács                                            ,Stone Temple Pilots,1.98
R                                                  Madhav                                            ,Chris Cornell,1.98
Dan                                                Miller                                            ,Amy Winehouse,1.98
Wyatt                                              Girard                                            ,Black Sabbath,1.98
Wyatt                                              Girard                                            ,Motörhead,1.98
Hannah                                             Schneider                                         ,Alanis Morissette,1.98
Luis                                               Rojas                                             ,Eric Clapton,1.98
Terhi                                              Hämäläinen                                        ,U2,1.98
Richard                                            Cunningham                                        ,Alanis Morissette,1.98
Richard                                            Cunningham                                        ,Amy Winehouse,1.98
Patrick                                            Gray                                              ,Rush,1.98
Edward                                             Francis                                           ,AC/DC,1.98
Kara                                               Nielsen                                           ,Audioslave,1.98
Alexandre                                          Rocha                                             ,The Rolling Stones,1.98
Luís                                               Gonçalves                                         ,The Who,1.98
Niklas                                             Schröder                                          ,Red Hot Chili Peppers,1.98
Alexandre                                          Rocha                                             ,Soundgarden,1.98
Wyatt                                              Girard                                            ,Queen,1.98
Leonie                                             Köhler                                            ,Godsmack,1.98
Leonie                                             Köhler                                            ,House Of Pain,1.98
João                                               Fernandes                                         ,Metallica,1.98
Marc                                               Dubois                                            ,The Rolling Stones,1.98
Fernanda                                           Ramos                                             ,Kiss,1.98
Richard                                            Cunningham                                        ,Foo Fighters,1.98
Tim                                                Goyer                                             ,Audioslave,1.98
Kara                                               Nielsen                                           ,U2,1.98
Helena                                             Holý                                              ,Chris Cornell,1.98
João                                               Fernandes                                         ,Red Hot Chili Peppers,1.98
Madalena                                           Sampaio                                           ,Red Hot Chili Peppers,1.98
John                                               Gordon                                            ,Eric Clapton,1.98
Isabelle                                           Mercier                                           ,Eric Clapton,1.98
Jack                                               Smith                                             ,JET,1.98
Roberto                                            Almeida                                           ,Jamiroquai,1.98
Jack                                               Smith                                             ,The Doors,1.98
Kara                                               Nielsen                                           ,JET,1.98
Helena                                             Holý                                              ,Guns N' Roses,1.98
Michelle                                           Brooks                                            ,Pink Floyd,1.98
Puja                                               Srivastava                                        ,Soundgarden,1.98
Phil                                               Hughes                                            ,Led Zeppelin,1.98
Patrick                                            Gray                                              ,Pearl Jam,1.98
Daan                                               Peeters                                           ,Red Hot Chili Peppers,1.98
João                                               Fernandes                                         ,Pink Floyd,1.98
Phil                                               Hughes                                            ,Black Sabbath,1.98
Luís                                               Gonçalves                                         ,Audioslave,1.98
Hannah                                             Schneider                                         ,Queen,1.98
R                                                  Madhav                                            ,Led Zeppelin,1.98
Jennifer                                           Peterson                                          ,Led Zeppelin,1.98
Leonie                                             Köhler                                            ,Faith No More,1.98
Marc                                               Dubois                                            ,The Who,1.98
Helena                                             Holý                                              ,Pearl Jam,1.98
Jennifer                                           Peterson                                          ,Chris Cornell,1.98
Stanisław                                          Wójcik                                            ,Queen,1.98
Luis                                               Rojas                                             ,Apocalyptica,1.98
Niklas                                             Schröder                                          ,The Doors,1.98
Luís                                               Gonçalves                                         ,U2,1.98
Heather                                            Leacock                                           ,Judas Priest,1.98
Mark                                               Philips                                           ,The Clash,1.98
Jack                                               Smith                                             ,Audioslave,1.98
Edward                                             Francis                                           ,Nirvana,1.98
Madalena                                           Sampaio                                           ,Godsmack,1.98
Michelle                                           Brooks                                            ,Velvet Revolver,1.98
Julia                                              Barnett                                           ,Queen,1.98
Robert                                             Brown                                             ,The Who,1.98
Helena                                             Holý                                              ,Velvet Revolver,1.98
Fernanda                                           Ramos                                             ,System Of A Down,1.98
Edward                                             Francis                                           ,Antônio Carlos Jobim,1.98
Jack                                               Smith                                             ,Legião Urbana,1.98
Camille                                            Bernard                                           ,Temple of the Dog,1.98
R                                                  Madhav                                            ,Guns N' Roses,1.98
Frank                                              Ralston                                           ,Queen,1.98
Puja                                               Srivastava                                        ,Guns N' Roses,1.98
Enrique                                            Muñoz                                             ,U2,1.98
Astrid                                             Gruber                                            ,Deep Purple,1.98
Wyatt                                              Girard                                            ,Jimi Hendrix,1.98
Kara                                               Nielsen                                           ,The Rolling Stones,1.98
Niklas                                             Schröder                                          ,Aerosmith,1.98
Julia                                              Barnett                                           ,Alanis Morissette,1.98
Tim                                                Goyer                                             ,The Police,1.98
Stanisław                                          Wójcik                                            ,System Of A Down,1.98
Patrick                                            Gray                                              ,Velvet Revolver,1.98
Mark                                               Taylor                                            ,Frank Sinatra,1.98
Camille                                            Bernard                                           ,Red Hot Chili Peppers,1.98
Richard                                            Cunningham                                        ,Ozzy Osbourne,1.98
Luís                                               Gonçalves                                         ,Amy Winehouse,1.98
Fernanda                                           Ramos                                             ,The Doors,1.98
Edward                                             Francis                                           ,Foo Fighters,1.98
Jack                                               Smith                                             ,System Of A Down,1.98
Enrique                                            Muñoz                                             ,The Rolling Stones,1.98
Marc                                               Dubois                                            ,Metallica,1.98
Enrique                                            Muñoz                                             ,Kiss,1.98
Luís                                               Gonçalves                                         ,Iron Maiden,1.98
Enrique                                            Muñoz                                             ,Apocalyptica,1.98
Johannes                                           Van der Berg                                      ,Jimi Hendrix,1.98
Isabelle                                           Mercier                                           ,Alanis Morissette,1.98
Aaron                                              Mitchell                                          ,Men At Work,1.98
François                                           Tremblay                                          ,Soundgarden,1.98
Leonie                                             Köhler                                            ,Pink Floyd,1.98
Hugh                                               O'Reilly                                          ,Scorpions,1.98
Stanisław                                          Wójcik                                            ,The Clash,1.98
João                                               Fernandes                                         ,The Rolling Stones,1.98
Madalena                                           Sampaio                                           ,Velvet Revolver,1.98
Roberto                                            Almeida                                           ,Pink Floyd,1.98
Ladislav                                           Kovács                                            ,Soundgarden,1.98
Dan                                                Miller                                            ,Godsmack,1.98
Jennifer                                           Peterson                                          ,Alice In Chains,1.98
Ladislav                                           Kovács                                            ,Audioslave,1.98
Camille                                            Bernard                                           ,Jimi Hendrix,1.98
Ladislav                                           Kovács                                            ,Green Day,1.98
Heather                                            Leacock                                           ,Jimi Hendrix,1.98
Enrique                                            Muñoz                                             ,Iron Maiden,1.98
Ellie                                              Sullivan                                          ,Judas Priest,1.98
Richard                                            Cunningham                                        ,Guns N' Roses,1.98
Jennifer                                           Peterson                                          ,Queen,1.98
Terhi                                              Hämäläinen                                        ,House Of Pain,1.98
Richard                                            Cunningham                                        ,The Doors,1.98
Fernanda                                           Ramos                                             ,Green Day,1.98
Fernanda                                           Ramos                                             ,Marvin Gaye,1.98
Terhi                                              Hämäläinen                                        ,Metallica,1.98
Victor                                             Stevens                                           ,Led Zeppelin,1.98
Ladislav                                           Kovács                                            ,System Of A Down,1.98
Niklas                                             Schröder                                          ,Led Zeppelin,1.98
Alexandre                                          Rocha                                             ,The Who,1.98
Lucas                                              Mancini                                           ,Led Zeppelin,1.98
Marc                                               Dubois                                            ,Lenny Kravitz,1.98
Hannah                                             Schneider                                         ,Alice In Chains,1.98
Julia                                              Barnett                                           ,Miles Davis,1.98
Frank                                              Harris                                            ,The Clash,1.98
Jack                                               Smith                                             ,The Police,1.98
Luis                                               Rojas                                             ,James Brown,1.98
Heather                                            Leacock                                           ,U2,1.98
Isabelle                                           Mercier                                           ,The Doors,1.98
Terhi                                              Hämäläinen                                        ,Guns N' Roses,1.98
Julia                                              Barnett                                           ,Led Zeppelin,1.98
Diego                                              Gutiérrez                                         ,Iron Maiden,1.98
Martha                                             Silk                                              ,R.E.M.,1.98
Terhi                                              Hämäläinen                                        ,Lenny Kravitz,1.98
Johannes                                           Van der Berg                                      ,Nirvana,1.98
John                                               Gordon                                            ,Metallica,1.98
Edward                                             Francis                                           ,Lenny Kravitz,1.98
Kathy                                              Chase                                             ,Green Day,1.98
Niklas                                             Schröder                                          ,Guns N' Roses,1.98
Jack                                               Smith                                             ,Frank Sinatra,1.98
Aaron                                              Mitchell                                          ,Creedence Clearwater Revival,1.98
Alexandre                                          Rocha                                             ,U2,1.98
Heather                                            Leacock                                           ,Led Zeppelin,1.98
Aaron                                              Mitchell                                          ,U2,1.98
Joakim                                             Johansson                                         ,System Of A Down,1.98
Madalena                                           Sampaio                                           ,Stone Temple Pilots,1.98
Johannes                                           Van der Berg                                      ,R.E.M.,1.98
Marc                                               Dubois                                            ,Pink Floyd,1.98
Niklas                                             Schröder                                          ,Santana,1.98
Steve                                              Murray                                            ,Led Zeppelin,1.98
Leonie                                             Köhler                                            ,Ozzy Osbourne,1.98
Enrique                                            Muñoz                                             ,Deep Purple,1.98
Luis                                               Rojas                                             ,Queen,1.98
Helena                                             Holý                                              ,Nirvana,1.98
Manoj                                              Pareek                                            ,Stone Temple Pilots,1.98
R                                                  Madhav                                            ,JET,1.98
Astrid                                             Gruber                                            ,Foo Fighters,1.98
Madalena                                           Sampaio                                           ,Faith No More,1.98
Bjørn                                              Hansen                                            ,Nirvana,1.98
Luís                                               Gonçalves                                         ,Faith No More,1.98
Patrick                                            Gray                                              ,AC/DC,1.98
Luís                                               Gonçalves                                         ,Pink Floyd,1.98
Niklas                                             Schröder                                          ,Buddy Guy,1.98
Wyatt                                              Girard                                            ,Foo Fighters,1.98
Stanisław                                          Wójcik                                            ,Black Sabbath,1.98
Daan                                               Peeters                                           ,Queen,1.98
Wyatt                                              Girard                                            ,Red Hot Chili Peppers,1.98
Hugh                                               O'Reilly                                          ,Guns N' Roses,1.98
Hannah                                             Schneider                                         ,The Who,1.98
Eduardo                                            Martins                                           ,Marvin Gaye,1.98
Kara                                               Nielsen                                           ,The Doors,1.98
Robert                                             Brown                                             ,James Brown,1.98
Helena                                             Holý                                              ,The Police,1.98
Manoj                                              Pareek                                            ,R.E.M.,1.98
Dan                                                Miller                                            ,Creedence Clearwater Revival,1.98
Kathy                                              Chase                                             ,Scorpions,1.98
Madalena                                           Sampaio                                           ,Queen,1.98
Edward                                             Francis                                           ,Queen,1.98
Lucas                                              Mancini                                           ,System Of A Down,1.98
Madalena                                           Sampaio                                           ,Black Sabbath,1.98
R                                                  Madhav                                            ,Jimi Hendrix,1.98
Astrid                                             Gruber                                            ,The Doors,1.98
Luis                                               Rojas                                             ,Miles Davis,1.98
Astrid                                             Gruber                                            ,Alice In Chains,1.98
Terhi                                              Hämäläinen                                        ,Queen,1.98
Luís                                               Gonçalves                                         ,Queen,1.98
Astrid                                             Gruber                                            ,The Rolling Stones,1.98
Ladislav                                           Kovács                                            ,Metallica,1.98
Luis                                               Rojas                                             ,Pink Floyd,1.98
Jennifer                                           Peterson                                          ,Green Day,1.98
Eduardo                                            Martins                                           ,Black Label Society,1.98
Stanisław                                          Wójcik                                            ,The Who,1.98
John                                               Gordon                                            ,James Brown,1.98
Fernanda                                           Ramos                                             ,Itzhak Perlman,1.98
Emma                                               Jones                                             ,Metallica,1.98
Puja                                               Srivastava                                        ,Aerosmith,1.98
Puja                                               Srivastava                                        ,Marisa Monte,1.98
Hannah                                             Schneider                                         ,Foo Fighters,1.98
Kathy                                              Chase                                             ,The Rolling Stones,1.98
Richard                                            Cunningham                                        ,James Brown,1.98
Phil                                               Hughes                                            ,Van Halen,1.98
Dominique                                          Lefebvre                                          ,The Clash,1.98
Helena                                             Holý                                              ,Foo Fighters,1.98
Johannes                                           Van der Berg                                      ,Soundgarden,1.98
Frank                                              Ralston                                           ,Lenny Kravitz,1.98
Stanisław                                          Wójcik                                            ,Alice In Chains,1.98
Terhi                                              Hämäläinen                                        ,UB40,1.98
Stanisław                                          Wójcik                                            ,Godsmack,1.98
Daan                                               Peeters                                           ,Guns N' Roses,1.98
Puja                                               Srivastava                                        ,Pink Floyd,1.98
Daan                                               Peeters                                           ,Iron Maiden,1.98
Richard                                            Cunningham                                        ,Green Day,1.98
Terhi                                              Hämäläinen                                        ,Alice In Chains,1.98
Madalena                                           Sampaio                                           ,Metallica,1.98
Ellie                                              Sullivan                                          ,Black Sabbath,1.98
Terhi                                              Hämäläinen                                        ,Judas Priest,1.98
Hugh                                               O'Reilly                                          ,Faith No More,1.98
Helena                                             Holý                                              ,Audioslave,1.98
Dominique                                          Lefebvre                                          ,Iron Maiden,1.98
Steve                                              Murray                                            ,Guns N' Roses,1.98
Fernanda                                           Ramos                                             ,The Police,1.98
Helena                                             Holý                                              ,The Cult,1.98
Patrick                                            Gray                                              ,Iron Maiden,1.98
Manoj                                              Pareek                                            ,Nirvana,1.98
Aaron                                              Mitchell                                          ,Pearl Jam,1.98
Tim                                                Goyer                                             ,Green Day,1.98
Emma                                               Jones                                             ,Queen,1.98
Kathy                                              Chase                                             ,Marvin Gaye,1.98
Kathy                                              Chase                                             ,Guns N' Roses,1.98
Eduardo                                            Martins                                           ,The Doors,1.98
Roberto                                            Almeida                                           ,Foo Fighters,1.98
Tim                                                Goyer                                             ,Eric Clapton,1.98
François                                           Tremblay                                          ,Red Hot Chili Peppers,1.98
Niklas                                             Schröder                                          ,Van Halen,1.98
Dan                                                Miller                                            ,Jamiroquai,1.98
Helena                                             Holý                                              ,Aerosmith,1.98
Julia                                              Barnett                                           ,The Clash,1.98
Isabelle                                           Mercier                                           ,Judas Priest,1.98
Richard                                            Cunningham                                        ,R.E.M.,1.98
Enrique                                            Muñoz                                             ,Godsmack,1.98
Kara                                               Nielsen                                           ,AC/DC,1.98
Jack                                               Smith                                             ,Raul Seixas,1.98
Roberto                                            Almeida                                           ,Black Sabbath,1.98
Richard                                            Cunningham                                        ,Chris Cornell,1.98
Helena                                             Holý                                              ,Jamiroquai,1.98
R                                                  Madhav                                            ,Godsmack,1.98
R                                                  Madhav                                            ,Soundgarden,1.98
Emma                                               Jones                                             ,Chris Cornell,1.98
Frank                                              Ralston                                           ,Kiss,1.98
Enrique                                            Muñoz                                             ,Amy Winehouse,1.98
Emma                                               Jones                                             ,The Clash,1.98
Enrique                                            Muñoz                                             ,Green Day,1.98
Fernanda                                           Ramos                                             ,Ozzy Osbourne,1.98
Madalena                                           Sampaio                                           ,Amy Winehouse,1.98
Madalena                                           Sampaio                                           ,Pearl Jam,1.98
Bjørn                                              Hansen                                            ,Iron Maiden,1.98
Manoj                                              Pareek                                            ,Pearl Jam,1.98
Jennifer                                           Peterson                                          ,The Clash,1.98
Leonie                                             Köhler                                            ,The Police,1.98
Madalena                                           Sampaio                                           ,Men At Work,1.98
Steve                                              Murray                                            ,R.E.M.,1.98
Hannah                                             Schneider                                         ,Audioslave,1.98
Heather                                            Leacock                                           ,Nirvana,1.98
Steve                                              Murray                                            ,Miles Davis,1.98
R                                                  Madhav                                            ,Creedence Clearwater Revival,1.98
Johannes                                           Van der Berg                                      ,Queen,1.98
Roberto                                            Almeida                                           ,Motörhead,1.98
Mark                                               Taylor                                            ,Audioslave,1.98
Johannes                                           Van der Berg                                      ,Alice In Chains,1.98
Frank                                              Harris                                            ,Jimi Hendrix,1.98
Luís                                               Gonçalves                                         ,Marisa Monte,1.98
Tim                                                Goyer                                             ,Jamiroquai,1.98
R                                                  Madhav                                            ,U2,1.98
Roberto                                            Almeida                                           ,Frank Sinatra,1.98
Dominique                                          Lefebvre                                          ,Marvin Gaye,1.98
Joakim                                             Johansson                                         ,The Doors,1.98
Patrick                                            Gray                                              ,Van Halen,1.98
R                                                  Madhav                                            ,Ozzy Osbourne,1.98
Johannes                                           Van der Berg                                      ,Motörhead,1.98
Robert                                             Brown                                             ,Foo Fighters,1.98
Madalena                                           Sampaio                                           ,Miles Davis,1.98
Manoj                                              Pareek                                            ,Green Day,1.98
Phil                                               Hughes                                            ,Godsmack,1.98
Edward                                             Francis                                           ,Apocalyptica,1.98
Johannes                                           Van der Berg                                      ,Frank Sinatra,1.98
Astrid                                             Gruber                                            ,Aerosmith,1.98
Manoj                                              Pareek                                            ,System Of A Down,1.98
Jennifer                                           Peterson                                          ,Velvet Revolver,1.98
Johannes                                           Van der Berg                                      ,Eric Clapton,1.98
Mark                                               Taylor                                            ,Green Day,1.98
Emma                                               Jones                                             ,Pearl Jam,1.98
Hugh                                               O'Reilly                                          ,Amy Winehouse,1.98
Johannes                                           Van der Berg                                      ,The Rolling Stones,1.98
Wyatt                                              Girard                                            ,The Police,1.98
Luís                                               Gonçalves                                         ,Alanis Morissette,1.98
Edward                                             Francis                                           ,Black Sabbath,1.98
Edward                                             Francis                                           ,U2,1.98
Stanisław                                          Wójcik                                            ,Iron Maiden,1.98
Manoj                                              Pareek                                            ,Guns N' Roses,1.98
Dominique                                          Lefebvre                                          ,Metallica,1.98
John                                               Gordon                                            ,The Doors,1.98
Edward                                             Francis                                           ,Red Hot Chili Peppers,1.98
François                                           Tremblay                                          ,Metallica,1.98
Puja                                               Srivastava                                        ,Audioslave,1.98
Helena                                             Holý                                              ,Santana,1.98
Patrick                                            Gray                                              ,Santana,1.98
Leonie                                             Köhler                                            ,Van Halen,1.98
Terhi                                              Hämäläinen                                        ,System Of A Down,1.98
Fernanda                                           Ramos                                             ,Santana,1.98
Enrique                                            Muñoz                                             ,Metallica,1.98
Emma                                               Jones                                             ,The Rolling Stones,1.98
Marc                                               Dubois                                            ,Stone Temple Pilots,1.98
Luís                                               Gonçalves                                         ,The Police,1.98
Roberto                                            Almeida                                           ,Aerosmith,1.98
R                                                  Madhav                                            ,Motörhead,1.98
Dan                                                Miller                                            ,Lenny Kravitz,1.98
Ellie                                              Sullivan                                          ,The Police,1.98
Kara                                               Nielsen                                           ,Nirvana,1.98
Frank                                              Ralston                                           ,Soundgarden,1.98
Martha                                             Silk                                              ,Green Day,1.98
Isabelle                                           Mercier                                           ,Alice In Chains,1.98
Stanisław                                          Wójcik                                            ,Spyro Gyra,1.98
Stanisław                                          Wójcik                                            ,Stone Temple Pilots,1.98
Jack                                               Smith                                             ,Queen,1.98
François                                           Tremblay                                          ,Led Zeppelin,1.98
R                                                  Madhav                                            ,AC/DC,1.98
Jack                                               Smith                                             ,Apocalyptica,1.98
Puja                                               Srivastava                                        ,Alanis Morissette,1.98
Niklas                                             Schröder                                          ,Frank Sinatra,1.98
Wyatt                                              Girard                                            ,Pearl Jam,1.98
Fynn                                               Zimmermann                                        ,The Police,1.98
François                                           Tremblay                                          ,Aerosmith,1.98
Ladislav                                           Kovács                                            ,The Doors,1.98
Fynn                                               Zimmermann                                        ,Led Zeppelin,1.98
Luis                                               Rojas                                             ,Creedence Clearwater Revival,1.98
Daan                                               Peeters                                           ,Aerosmith,1.98
Bjørn                                              Hansen                                            ,Black Sabbath,1.98
Tim                                                Goyer                                             ,Van Halen,1.98
Dan                                                Miller                                            ,Stone Temple Pilots,1.98
Richard                                            Cunningham                                        ,Van Halen,1.98
Marc                                               Dubois                                            ,Van Halen,1.98
Camille                                            Bernard                                           ,The Rolling Stones,1.98
Helena                                             Holý                                              ,Accept,1.98
João                                               Fernandes                                         ,James Brown,1.98
Jack                                               Smith                                             ,Alice In Chains,1.98
Enrique                                            Muñoz                                             ,Black Sabbath,1.98
Enrique                                            Muñoz                                             ,Ozzy Osbourne,1.98
François                                           Tremblay                                          ,The Black Crowes,1.98
Martha                                             Silk                                              ,Amy Winehouse,1.98
Hannah                                             Schneider                                         ,Scorpions,1.98
Marc                                               Dubois                                            ,Eric Clapton,1.98
Alexandre                                          Rocha                                             ,Green Day,1.98
Puja                                               Srivastava                                        ,Jamiroquai,1.98
Hugh                                               O'Reilly                                          ,Metallica,1.98
John                                               Gordon                                            ,Audioslave,1.98
Daan                                               Peeters                                           ,Stone Temple Pilots,1.98
Hannah                                             Schneider                                         ,Guns N' Roses,1.98
Mark                                               Taylor                                            ,Deep Purple,1.98
Jack                                               Smith                                             ,Soundgarden,1.98
Martha                                             Silk                                              ,System Of A Down,1.98
Mark                                               Taylor                                            ,Pearl Jam,1.98
Steve                                              Murray                                            ,Motörhead,1.98
Manoj                                              Pareek                                            ,Faith No More,1.98
Manoj                                              Pareek                                            ,Miles Davis,1.98
Patrick                                            Gray                                              ,The Rolling Stones,1.98
Eduardo                                            Martins                                           ,Nirvana,1.98
Edward                                             Francis                                           ,Aerosmith,1.98
Puja                                               Srivastava                                        ,Judas Priest,1.98
Edward                                             Francis                                           ,Ozzy Osbourne,1.98
Astrid                                             Gruber                                            ,System Of A Down,1.98
Luis                                               Rojas                                             ,AC/DC,1.98
Kara                                               Nielsen                                           ,System Of A Down,1.98
Luis                                               Rojas                                             ,Deep Purple,1.98
Johannes                                           Van der Berg                                      ,Red Hot Chili Peppers,1.98
Mark                                               Taylor                                            ,The Doors,1.98
Niklas                                             Schröder                                          ,Eric Clapton,1.98
Dominique                                          Lefebvre                                          ,Lenny Kravitz,1.98
Helena                                             Holý                                              ,Amy Winehouse,1.98
Stanisław                                          Wójcik                                            ,Jimi Hendrix,1.98
Luis                                               Rojas                                             ,Ozzy Osbourne,1.98
Alexandre                                          Rocha                                             ,Queen,1.98
Heather                                            Leacock                                           ,Creedence Clearwater Revival,1.98
John                                               Gordon                                            ,Guns N' Roses,1.98
R                                                  Madhav                                            ,The Police,1.98
Frank                                              Ralston                                           ,Jimi Hendrix,1.98
Diego                                              Gutiérrez                                         ,Eric Clapton,1.98
Phil                                               Hughes                                            ,Santana,1.98
João                                               Fernandes                                         ,The Clash,1.98
Roberto                                            Almeida                                           ,Pearl Jam,1.98
Fernanda                                           Ramos                                             ,Pink Floyd,1.98
Frank                                              Ralston                                           ,The Police,1.98
Eduardo                                            Martins                                           ,Green Day,1.98
Fernanda                                           Ramos                                             ,R.E.M.,1.98
Kathy                                              Chase                                             ,Eric Clapton,1.98
Heather                                            Leacock                                           ,Deep Purple,1.98
Luis                                               Rojas                                             ,JET,1.98
Astrid                                             Gruber                                            ,Calexico,0.99
Aaron                                              Mitchell                                          ,Black Sabbath,0.99
John                                               Gordon                                            ,Jimi Hendrix,0.99
Ellie                                              Sullivan                                          ,Jimi Hendrix,0.99
Jack                                               Smith                                             ,Jimi Hendrix,0.99
Edward                                             Francis                                           ,Deep Purple,0.99
Steve                                              Murray                                            ,Santana,0.99
Jack                                               Smith                                             ,AC/DC,0.99
Madalena                                           Sampaio                                           ,U2,0.99
Johannes                                           Van der Berg                                      ,Green Day,0.99
Daan                                               Peeters                                           ,Black Sabbath,0.99
Dominique                                          Lefebvre                                          ,R.E.M.,0.99
Diego                                              Gutiérrez                                         ,AC/DC,0.99
Leonie                                             Köhler                                            ,Spyro Gyra,0.99
Kathy                                              Chase                                             ,Calexico,0.99
Diego                                              Gutiérrez                                         ,Def Leppard,0.99
Ellie                                              Sullivan                                          ,Santana,0.99
Aaron                                              Mitchell                                          ,Godsmack,0.99
Michelle                                           Brooks                                            ,Rush,0.99
François                                           Tremblay                                          ,Pearl Jam,0.99
François                                           Tremblay                                          ,Guns N' Roses,0.99
Bjørn                                              Hansen                                            ,Scorpions,0.99
Astrid                                             Gruber                                            ,Red Hot Chili Peppers,0.99
Edward                                             Francis                                           ,Men At Work,0.99
João                                               Fernandes                                         ,Santana,0.99
Fernanda                                           Ramos                                             ,Jimi Hendrix,0.99
R                                                  Madhav                                            ,House Of Pain,0.99
Astrid                                             Gruber                                            ,The Clash,0.99
Edward                                             Francis                                           ,The Who,0.99
Heather                                            Leacock                                           ,Lenny Kravitz,0.99
Daan                                               Peeters                                           ,System Of A Down,0.99
Hannah                                             Schneider                                         ,The Cult,0.99
João                                               Fernandes                                         ,Incognito,0.99
João                                               Fernandes                                         ,Marvin Gaye,0.99
Daan                                               Peeters                                           ,Black Label Society,0.99
Hannah                                             Schneider                                         ,Cake,0.99
Enrique                                            Muñoz                                             ,House Of Pain,0.99
Niklas                                             Schröder                                          ,Black Sabbath,0.99
Lucas                                              Mancini                                           ,Metallica,0.99
Jack                                               Smith                                             ,Kiss,0.99
Manoj                                              Pareek                                            ,Black Sabbath,0.99
Helena                                             Holý                                              ,Gustav Mahler,0.99
Alexandre                                          Rocha                                             ,Led Zeppelin,0.99
Johannes                                           Van der Berg                                      ,Metallica,0.99
Niklas                                             Schröder                                          ,Pearl Jam,0.99
Hannah                                             Schneider                                         ,Chris Cornell,0.99
Ellie                                              Sullivan                                          ,Iron Maiden,0.99
Michelle                                           Brooks                                            ,Deep Purple,0.99
Helena                                             Holý                                              ,Alice In Chains,0.99
Heather                                            Leacock                                           ,Audioslave,0.99
Frank                                              Ralston                                           ,Red Hot Chili Peppers,0.99
Ladislav                                           Kovács                                            ,Van Halen,0.99
Frank                                              Ralston                                           ,Audioslave,0.99
Julia                                              Barnett                                           ,Motörhead,0.99
Niklas                                             Schröder                                          ,Os Mutantes,0.99
Luís                                               Gonçalves                                         ,Red Hot Chili Peppers,0.99
Alexandre                                          Rocha                                             ,Jorge Ben,0.99
Diego                                              Gutiérrez                                         ,The Clash,0.99
Emma                                               Jones                                             ,Santana,0.99
Heather                                            Leacock                                           ,Red Hot Chili Peppers,0.99
R                                                  Madhav                                            ,Falamansa,0.99
Joakim                                             Johansson                                         ,Cake,0.99
Aaron                                              Mitchell                                          ,Pink Floyd,0.99
Terhi                                              Hämäläinen                                        ,Scorpions,0.99
Martha                                             Silk                                              ,Iron Maiden,0.99
Luis                                               Rojas                                             ,Scorpions,0.99
Niklas                                             Schröder                                          ,Djavan,0.99
Daan                                               Peeters                                           ,Emerson String Quartet,0.99
Frank                                              Ralston                                           ,Eric Clapton,0.99
Puja                                               Srivastava                                        ,Caetano Veloso,0.99
Isabelle                                           Mercier                                           ,Nirvana,0.99
Niklas                                             Schröder                                          ,Cake,0.99
Kathy                                              Chase                                             ,The Clash,0.99
Isabelle                                           Mercier                                           ,UB40,0.99
Mark                                               Taylor                                            ,Itzhak Perlman,0.99
Frank                                              Harris                                            ,Marisa Monte,0.99
Edward                                             Francis                                           ,Jimi Hendrix,0.99
Frank                                              Harris                                            ,Black Sabbath,0.99
François                                           Tremblay                                          ,Pink Floyd,0.99
Bjørn                                              Hansen                                            ,Miles Davis,0.99
Joakim                                             Johansson                                         ,Lenny Kravitz,0.99
Astrid                                             Gruber                                            ,Iron Maiden,0.99
Luís                                               Gonçalves                                         ,Raimundos,0.99
Robert                                             Brown                                             ,Chris Cornell,0.99
Tim                                                Goyer                                             ,AC/DC,0.99
Roberto                                            Almeida                                           ,Ozzy Osbourne,0.99
Leonie                                             Köhler                                            ,Red Hot Chili Peppers,0.99
Michelle                                           Brooks                                            ,U2,0.99
Martha                                             Silk                                              ,Deep Purple,0.99
Fernanda                                           Ramos                                             ,James Levine,0.99
Leonie                                             Köhler                                            ,Marillion,0.99
Edward                                             Francis                                           ,Buddy Guy,0.99
Dan                                                Miller                                            ,Rush,0.99
Phil                                               Hughes                                            ,Lenny Kravitz,0.99
Luis                                               Rojas                                             ,The Rolling Stones,0.99
Kathy                                              Chase                                             ,Frank Sinatra,0.99
Terhi                                              Hämäläinen                                        ,R.E.M.,0.99
Bjørn                                              Hansen                                            ,Eric Clapton,0.99
Isabelle                                           Mercier                                           ,Santana,0.99
Lucas                                              Mancini                                           ,Cake,0.99
Eduardo                                            Martins                                           ,Pink Floyd,0.99
Victor                                             Stevens                                           ,Miles Davis,0.99
Edward                                             Francis                                           ,Lulu Santos,0.99
Ellie                                              Sullivan                                          ,The Black Crowes,0.99
Johannes                                           Van der Berg                                      ,Van Halen,0.99
Heather                                            Leacock                                           ,Marisa Monte,0.99
Leonie                                             Köhler                                            ,U2,0.99
Jennifer                                           Peterson                                          ,Def Leppard,0.99
Aaron                                              Mitchell                                          ,Green Day,0.99
Manoj                                              Pareek                                            ,Pink Floyd,0.99
Alexandre                                          Rocha                                             ,Caetano Veloso,0.99
Johannes                                           Van der Berg                                      ,Santana,0.99
Hannah                                             Schneider                                         ,Luciano Pavarotti,0.99
Leonie                                             Köhler                                            ,Apocalyptica,0.99
João                                               Fernandes                                         ,Spyro Gyra,0.99
John                                               Gordon                                            ,Creedence Clearwater Revival,0.99
Phil                                               Hughes                                            ,Chico Buarque,0.99
Luís                                               Gonçalves                                         ,Black Sabbath,0.99
Luís                                               Gonçalves                                         ,Van Halen,0.99
Daan                                               Peeters                                           ,Velvet Revolver,0.99
Enrique                                            Muñoz                                             ,Soundgarden,0.99
John                                               Gordon                                            ,Apocalyptica,0.99
Dan                                                Miller                                            ,Pearl Jam,0.99
Emma                                               Jones                                             ,Def Leppard,0.99
R                                                  Madhav                                            ,Iron Maiden,0.99
Hugh                                               O'Reilly                                          ,Jimi Hendrix,0.99
Camille                                            Bernard                                           ,Deep Purple,0.99
Frank                                              Ralston                                           ,Deep Purple,0.99
Mark                                               Taylor                                            ,Alice In Chains,0.99
Enrique                                            Muñoz                                             ,Van Halen,0.99
Jennifer                                           Peterson                                          ,The Rolling Stones,0.99
Kara                                               Nielsen                                           ,Guns N' Roses,0.99
Fynn                                               Zimmermann                                        ,Alanis Morissette,0.99
Jennifer                                           Peterson                                          ,Rush,0.99
Robert                                             Brown                                             ,Ozzy Osbourne,0.99
Michelle                                           Brooks                                            ,Audioslave,0.99
Puja                                               Srivastava                                        ,Ed Motta,0.99
Diego                                              Gutiérrez                                         ,Lenny Kravitz,0.99
Edward                                             Francis                                           ,Stone Temple Pilots,0.99
Ladislav                                           Kovács                                            ,Kiss,0.99
Frank                                              Harris                                            ,Pink Floyd,0.99
Jennifer                                           Peterson                                          ,Apocalyptica,0.99
Eduardo                                            Martins                                           ,U2,0.99
Wyatt                                              Girard                                            ,Metallica,0.99
Leonie                                             Köhler                                            ,Buddy Guy,0.99
Edward                                             Francis                                           ,Marvin Gaye,0.99
Michelle                                           Brooks                                            ,Chris Cornell,0.99
Hannah                                             Schneider                                         ,Vinícius De Moraes,0.99
Luis                                               Rojas                                             ,Audioslave,0.99
John                                               Gordon                                            ,Stone Temple Pilots,0.99
Kathy                                              Chase                                             ,The Doors,0.99
Enrique                                            Muñoz                                             ,R.E.M.,0.99
João                                               Fernandes                                         ,The Who,0.99
R                                                  Madhav                                            ,Aerosmith,0.99
João                                               Fernandes                                         ,Frank Sinatra,0.99
Julia                                              Barnett                                           ,U2,0.99
Edward                                             Francis                                           ,Godsmack,0.99
Helena                                             Holý                                              ,Chico Science & Nação Zumbi,0.99
Ladislav                                           Kovács                                            ,Lenny Kravitz,0.99
Fernanda                                           Ramos                                             ,Luciana Souza/Romero Lubambo,0.99
Puja                                               Srivastava                                        ,Kiss,0.99
Richard                                            Cunningham                                        ,Caetano Veloso,0.99
Daan                                               Peeters                                           ,Alice In Chains,0.99
Camille                                            Bernard                                           ,Motörhead,0.99
Tim                                                Goyer                                             ,Luciano Pavarotti,0.99
Ladislav                                           Kovács                                            ,JET,0.99
Helena                                             Holý                                              ,James Brown,0.99
Puja                                               Srivastava                                        ,Creedence Clearwater Revival,0.99
John                                               Gordon                                            ,Lost,0.99
Kara                                               Nielsen                                           ,Joe Satriani,0.99
Martha                                             Silk                                              ,Foo Fighters,0.99
Camille                                            Bernard                                           ,House Of Pain,0.99
João                                               Fernandes                                         ,Scorpions,0.99
Edward                                             Francis                                           ,Gustav Mahler,0.99
Frank                                              Harris                                            ,The Who,0.99
Helena                                             Holý                                              ,Alanis Morissette,0.99
Camille                                            Bernard                                           ,U2,0.99
Astrid                                             Gruber                                            ,JET,0.99
Ellie                                              Sullivan                                          ,Pink Floyd,0.99
Luis                                               Rojas                                             ,Alice In Chains,0.99
Michelle                                           Brooks                                            ,Foo Fighters,0.99
Hugh                                               O'Reilly                                          ,Cake,0.99
Isabelle                                           Mercier                                           ,AC/DC,0.99
Luis                                               Rojas                                             ,Jamiroquai,0.99
Leonie                                             Köhler                                            ,Foo Fighters,0.99
Terhi                                              Hämäläinen                                        ,Faith No More,0.99
Aaron                                              Mitchell                                          ,The Rolling Stones,0.99
Wyatt                                              Girard                                            ,Milton Nascimento,0.99
François                                           Tremblay                                          ,Nirvana,0.99
Puja                                               Srivastava                                        ,James Brown,0.99
Heather                                            Leacock                                           ,Frank Sinatra,0.99
Hugh                                               O'Reilly                                          ,Raul Seixas,0.99
Stanisław                                          Wójcik                                            ,Skank,0.99
Enrique                                            Muñoz                                             ,Faith No More,0.99
Niklas                                             Schröder                                          ,The Rolling Stones,0.99
Manoj                                              Pareek                                            ,The Doors,0.99
Madalena                                           Sampaio                                           ,R.E.M.,0.99
Marc                                               Dubois                                            ,Aerosmith,0.99
Helena                                             Holý                                              ,Queen,0.99
Aaron                                              Mitchell                                          ,Kiss,0.99
Luis                                               Rojas                                             ,Nicolaus Esterhazy Sinfonia,0.99
Luís                                               Gonçalves                                         ,Page & Plant,0.99
Wyatt                                              Girard                                            ,Van Halen,0.99
Dominique                                          Lefebvre                                          ,UB40,0.99
Manoj                                              Pareek                                            ,Metallica,0.99
Manoj                                              Pareek                                            ,Alanis Morissette,0.99
Camille                                            Bernard                                           ,Alanis Morissette,0.99
Heather                                            Leacock                                           ,Pearl Jam,0.99
Jennifer                                           Peterson                                          ,Deep Purple,0.99
Kathy                                              Chase                                             ,Gilberto Gil,0.99
Enrique                                            Muñoz                                             ,Judas Priest,0.99
Phil                                               Hughes                                            ,James Brown,0.99
Heather                                            Leacock                                           ,Pink Floyd,0.99
Stanisław                                          Wójcik                                            ,The Doors,0.99
Hannah                                             Schneider                                         ,The Doors,0.99
Frank                                              Harris                                            ,Def Leppard,0.99
Stanisław                                          Wójcik                                            ,Chris Cornell,0.99
Julia                                              Barnett                                           ,Body Count,0.99
Marc                                               Dubois                                            ,Kiss,0.99
Wyatt                                              Girard                                            ,Creedence Clearwater Revival,0.99
Niklas                                             Schröder                                          ,Marvin Gaye,0.99
Enrique                                            Muñoz                                             ,Cake,0.99
Marc                                               Dubois                                            ,Os Mutantes,0.99
Victor                                             Stevens                                           ,Black Sabbath,0.99
Stanisław                                          Wójcik                                            ,Creedence Clearwater Revival,0.99
Marc                                               Dubois                                            ,The Doors,0.99
Richard                                            Cunningham                                        ,Rush,0.99
Mark                                               Philips                                           ,The Rolling Stones,0.99
Mark                                               Taylor                                            ,Santana,0.99
Camille                                            Bernard                                           ,Djavan,0.99
Astrid                                             Gruber                                            ,Pink Floyd,0.99
Enrique                                            Muñoz                                             ,Alice In Chains,0.99
Enrique                                            Muñoz                                             ,Cidade Negra,0.99
Daan                                               Peeters                                           ,Jamiroquai,0.99
Steve                                              Murray                                            ,Legião Urbana,0.99
Martha                                             Silk                                              ,Men At Work,0.99
Astrid                                             Gruber                                            ,Amy Winehouse,0.99
Victor                                             Stevens                                           ,Black Label Society,0.99
Michelle                                           Brooks                                            ,Metallica,0.99
Martha                                             Silk                                              ,The Clash,0.99
Stanisław                                          Wójcik                                            ,Kiss,0.99
João                                               Fernandes                                         ,Iron Maiden,0.99
Hannah                                             Schneider                                         ,Van Halen,0.99
Joakim                                             Johansson                                         ,Buddy Guy,0.99
Patrick                                            Gray                                              ,The Police,0.99
Hugh                                               O'Reilly                                          ,Pink Floyd,0.99
Martha                                             Silk                                              ,Kiss,0.99
Wyatt                                              Girard                                            ,Aerosmith,0.99
Mark                                               Taylor                                            ,Titãs,0.99
Lucas                                              Mancini                                           ,R.E.M.,0.99
Niklas                                             Schröder                                          ,Caetano Veloso,0.99
Leonie                                             Köhler                                            ,The Who,0.99
Alexandre                                          Rocha                                             ,Scorpions,0.99
Phil                                               Hughes                                            ,The Who,0.99
Patrick                                            Gray                                              ,The Black Crowes,0.99
Madalena                                           Sampaio                                           ,Os Paralamas Do Sucesso,0.99
Niklas                                             Schröder                                          ,The Who,0.99
Manoj                                              Pareek                                            ,Jota Quest,0.99
Camille                                            Bernard                                           ,Calexico,0.99
Ladislav                                           Kovács                                            ,Joe Satriani,0.99
Richard                                            Cunningham                                        ,Led Zeppelin,0.99
Stanisław                                          Wójcik                                            ,Audioslave,0.99
Luís                                               Gonçalves                                         ,Pearl Jam,0.99
Phil                                               Hughes                                            ,Metallica,0.99
Puja                                               Srivastava                                        ,Foo Fighters,0.99
Heather                                            Leacock                                           ,R.E.M.,0.99
Julia                                              Barnett                                           ,Judas Priest,0.99
John                                               Gordon                                            ,Nirvana,0.99
Mark                                               Taylor                                            ,Amy Winehouse,0.99
Terhi                                              Hämäläinen                                        ,Itzhak Perlman,0.99
Patrick                                            Gray                                              ,Alice In Chains,0.99
Victor                                             Stevens                                           ,Green Day,0.99
Tim                                                Goyer                                             ,UB40,0.99
Alexandre                                          Rocha                                             ,James Brown,0.99
Victor                                             Stevens                                           ,Guns N' Roses,0.99
Victor                                             Stevens                                           ,Aisha Duo,0.99
Ladislav                                           Kovács                                            ,Alice In Chains,0.99
Martha                                             Silk                                              ,Led Zeppelin,0.99
R                                                  Madhav                                            ,Judas Priest,0.99
Astrid                                             Gruber                                            ,Led Zeppelin,0.99
Puja                                               Srivastava                                        ,O Rappa,0.99
Martha                                             Silk                                              ,Pink Floyd,0.99
Hannah                                             Schneider                                         ,Eric Clapton,0.99
Daan                                               Peeters                                           ,U2,0.99
John                                               Gordon                                            ,Ozzy Osbourne,0.99
Niklas                                             Schröder                                          ,Berliner Philharmoniker & Herbert Von Karajan,0.99
Ladislav                                           Kovács                                            ,Queen,0.99
Mark                                               Taylor                                            ,Soundgarden,0.99
Luis                                               Rojas                                             ,Lulu Santos,0.99
Fernanda                                           Ramos                                             ,Jorge Ben,0.99
Joakim                                             Johansson                                         ,Audioslave,0.99
Astrid                                             Gruber                                            ,Joe Satriani,0.99
Ellie                                              Sullivan                                          ,The Who,0.99
Richard                                            Cunningham                                        ,Godsmack,0.99
Leonie                                             Köhler                                            ,Judas Priest,0.99
Astrid                                             Gruber                                            ,Lenny Kravitz,0.99
Frank                                              Ralston                                           ,The Rolling Stones,0.99
Victor                                             Stevens                                           ,Van Halen,0.99
Daan                                               Peeters                                           ,Van Halen,0.99
Emma                                               Jones                                             ,Gustav Mahler,0.99
John                                               Gordon                                            ,Joe Satriani,0.99
Hugh                                               O'Reilly                                          ,R.E.M.,0.99
Joakim                                             Johansson                                         ,Aerosmith,0.99
Luís                                               Gonçalves                                         ,Nirvana,0.99
Dominique                                          Lefebvre                                          ,Black Label Society,0.99
Alexandre                                          Rocha                                             ,Black Sabbath,0.99
Heather                                            Leacock                                           ,Raimundos,0.99
Robert                                             Brown                                             ,The Clash,0.99
Jennifer                                           Peterson                                          ,Kiss,0.99
Diego                                              Gutiérrez                                         ,Tim Maia,0.99
Mark                                               Taylor                                            ,R.E.M.,0.99
Puja                                               Srivastava                                        ,Cake,0.99
Leonie                                             Köhler                                            ,Gilberto Gil,0.99
Terhi                                              Hämäläinen                                        ,Jamiroquai,0.99
Hannah                                             Schneider                                         ,Gilberto Gil,0.99
Bjørn                                              Hansen                                            ,Amy Winehouse,0.99
Leonie                                             Köhler                                            ,AC/DC,0.99
Fernanda                                           Ramos                                             ,Black Label Society,0.99
Mark                                               Philips                                           ,Temple of the Dog,0.99
John                                               Gordon                                            ,JET,0.99
Edward                                             Francis                                           ,Green Day,0.99
Bjørn                                              Hansen                                            ,Pink Floyd,0.99
João                                               Fernandes                                         ,Men At Work,0.99
Lucas                                              Mancini                                           ,Frank Sinatra,0.99
Robert                                             Brown                                             ,Godsmack,0.99
Kara                                               Nielsen                                           ,Aerosmith,0.99
Emma                                               Jones                                             ,Olodum,0.99
Julia                                              Barnett                                           ,James Brown,0.99
Diego                                              Gutiérrez                                         ,The Doors,0.99
Tim                                                Goyer                                             ,Deep Purple,0.99
Heather                                            Leacock                                           ,System Of A Down,0.99
Fernanda                                           Ramos                                             ,JET,0.99
João                                               Fernandes                                         ,Apocalyptica,0.99
Enrique                                            Muñoz                                             ,Aerosmith,0.99
Ladislav                                           Kovács                                            ,Temple of the Dog,0.99
Fynn                                               Zimmermann                                        ,JET,0.99
Diego                                              Gutiérrez                                         ,The Black Crowes,0.99
Mark                                               Taylor                                            ,Apocalyptica,0.99
John                                               Gordon                                            ,Foo Fighters,0.99
Frank                                              Harris                                            ,Red Hot Chili Peppers,0.99
Camille                                            Bernard                                           ,JET,0.99
Tim                                                Goyer                                             ,Alice In Chains,0.99
Richard                                            Cunningham                                        ,Motörhead,0.99
John                                               Gordon                                            ,The Police,0.99
Camille                                            Bernard                                           ,Nirvana,0.99
Steve                                              Murray                                            ,Nirvana,0.99
Hugh                                               O'Reilly                                          ,Os Mutantes,0.99
Ellie                                              Sullivan                                          ,R.E.M.,0.99
Joakim                                             Johansson                                         ,Funk Como Le Gusta,0.99
Enrique                                            Muñoz                                             ,Stone Temple Pilots,0.99
Kathy                                              Chase                                             ,Aerosmith,0.99
Luís                                               Gonçalves                                         ,Apocalyptica,0.99
Mark                                               Philips                                           ,Aisha Duo,0.99
Johannes                                           Van der Berg                                      ,Audioslave,0.99
Julia                                              Barnett                                           ,Def Leppard,0.99
Victor                                             Stevens                                           ,Velvet Revolver,0.99
Michelle                                           Brooks                                            ,Jorge Ben,0.99
Isabelle                                           Mercier                                           ,Cake,0.99
Enrique                                            Muñoz                                             ,Chico Buarque,0.99
Steve                                              Murray                                            ,The Police,0.99
Ellie                                              Sullivan                                          ,Page & Plant,0.99
Fernanda                                           Ramos                                             ,Amy Winehouse,0.99
Frank                                              Harris                                            ,Kiss,0.99
Edward                                             Francis                                           ,Cake,0.99
Astrid                                             Gruber                                            ,The Who,0.99
João                                               Fernandes                                         ,The Police,0.99
Mark                                               Philips                                           ,JET,0.99
Hannah                                             Schneider                                         ,Jamiroquai,0.99
Fynn                                               Zimmermann                                        ,The Who,0.99
Daan                                               Peeters                                           ,Marvin Gaye,0.99
Mark                                               Philips                                           ,Apocalyptica,0.99
Daan                                               Peeters                                           ,The Police,0.99
Ellie                                              Sullivan                                          ,Van Halen,0.99
Victor                                             Stevens                                           ,Red Hot Chili Peppers,0.99
Richard                                            Cunningham                                        ,Temple of the Dog,0.99
Robert                                             Brown                                             ,Raul Seixas,0.99
Johannes                                           Van der Berg                                      ,The Who,0.99
Puja                                               Srivastava                                        ,Christopher O'Riley,0.99
Kara                                               Nielsen                                           ,R.E.M.,0.99
Phil                                               Hughes                                            ,Apocalyptica,0.99
Alexandre                                          Rocha                                             ,Jimi Hendrix,0.99
Patrick                                            Gray                                              ,Vinícius De Moraes,0.99
Roberto                                            Almeida                                           ,Stone Temple Pilots,0.99
Aaron                                              Mitchell                                          ,Amy Winehouse,0.99
Phil                                               Hughes                                            ,Alanis Morissette,0.99
Marc                                               Dubois                                            ,Planet Hemp,0.99
Joakim                                             Johansson                                         ,Passengers,0.99
Camille                                            Bernard                                           ,The Doors,0.99
Leonie                                             Köhler                                            ,Green Day,0.99
Manoj                                              Pareek                                            ,Audioslave,0.99
João                                               Fernandes                                         ,Foo Fighters,0.99
Terhi                                              Hämäläinen                                        ,Gilberto Gil,0.99
Aaron                                              Mitchell                                          ,The Clash,0.99
Stanisław                                          Wójcik                                            ,JET,0.99
Helena                                             Holý                                              ,The Who,0.99
Marc                                               Dubois                                            ,JET,0.99
Frank                                              Harris                                            ,Eric Clapton,0.99
Julia                                              Barnett                                           ,Green Day,0.99
Niklas                                             Schröder                                          ,Jamiroquai,0.99
Mark                                               Philips                                           ,U2,0.99
Alexandre                                          Rocha                                             ,R.E.M.,0.99
Camille                                            Bernard                                           ,Foo Fighters,0.99
Richard                                            Cunningham                                        ,Nirvana,0.99
Leonie                                             Köhler                                            ,Motörhead,0.99
Luís                                               Gonçalves                                         ,Caetano Veloso,0.99
Leonie                                             Köhler                                            ,Black Sabbath,0.99
John                                               Gordon                                            ,The Rolling Stones,0.99
Alexandre                                          Rocha                                             ,Guns N' Roses,0.99
Niklas                                             Schröder                                          ,The Clash,0.99
João                                               Fernandes                                         ,Guns N' Roses,0.99
Frank                                              Harris                                            ,Chris Cornell,0.99
Edward                                             Francis                                           ,Calexico,0.99
Richard                                            Cunningham                                        ,Def Leppard,0.99
Tim                                                Goyer                                             ,Queen,0.99
Daan                                               Peeters                                           ,Jimi Hendrix,0.99
Eduardo                                            Martins                                           ,Legião Urbana,0.99
Fynn                                               Zimmermann                                        ,Audioslave,0.99
Steve                                              Murray                                            ,Jamiroquai,0.99
Bjørn                                              Hansen                                            ,Jorge Ben,0.99
Madalena                                           Sampaio                                           ,Temple of the Dog,0.99
Steve                                              Murray                                            ,Men At Work,0.99
Roberto                                            Almeida                                           ,Creedence Clearwater Revival,0.99
John                                               Gordon                                            ,Cássia Eller,0.99
Helena                                             Holý                                              ,Luciano Pavarotti,0.99
Camille                                            Bernard                                           ,Bruce Dickinson,0.99
Madalena                                           Sampaio                                           ,Marvin Gaye,0.99
Bjørn                                              Hansen                                            ,Body Count,0.99
João                                               Fernandes                                         ,Van Halen,0.99
Emma                                               Jones                                             ,Marvin Gaye,0.99
Aaron                                              Mitchell                                          ,Def Leppard,0.99
Eduardo                                            Martins                                           ,Black Sabbath,0.99
Isabelle                                           Mercier                                           ,Motörhead,0.99
Michelle                                           Brooks                                            ,Apocalyptica,0.99
Diego                                              Gutiérrez                                         ,Jamiroquai,0.99
Martha                                             Silk                                              ,Scorpions,0.99
Aaron                                              Mitchell                                          ,Audioslave,0.99
Patrick                                            Gray                                              ,Deep Purple,0.99
Fernanda                                           Ramos                                             ,Queen,0.99
João                                               Fernandes                                         ,Nirvana,0.99
Roberto                                            Almeida                                           ,Black Label Society,0.99
Stanisław                                          Wójcik                                            ,Gustav Mahler,0.99
John                                               Gordon                                            ,U2,0.99
Leonie                                             Köhler                                            ,Milton Nascimento,0.99
Fernanda                                           Ramos                                             ,The Rolling Stones,0.99
Ladislav                                           Kovács                                            ,Nirvana,0.99
Frank                                              Harris                                            ,Iron Maiden,0.99
Victor                                             Stevens                                           ,Soundgarden,0.99
Camille                                            Bernard                                           ,Spyro Gyra,0.99
Kathy                                              Chase                                             ,Alanis Morissette,0.99
Marc                                               Dubois                                            ,Jimi Hendrix,0.99
Enrique                                            Muñoz                                             ,Calexico,0.99
François                                           Tremblay                                          ,Chico Buarque,0.99
Edward                                             Francis                                           ,Accept,0.99
Julia                                              Barnett                                           ,Marvin Gaye,0.99
Mark                                               Philips                                           ,AC/DC,0.99
Manoj                                              Pareek                                            ,James Brown,0.99
Luís                                               Gonçalves                                         ,The Clash,0.99
Kathy                                              Chase                                             ,Amy Winehouse,0.99
Roberto                                            Almeida                                           ,Nirvana,0.99
Aaron                                              Mitchell                                          ,JET,0.99
Joakim                                             Johansson                                         ,Pink Floyd,0.99
Dan                                                Miller                                            ,Metallica,0.99
Tim                                                Goyer                                             ,Men At Work,0.99
Jack                                               Smith                                             ,R.E.M.,0.99
Roberto                                            Almeida                                           ,Red Hot Chili Peppers,0.99
Tim                                                Goyer                                             ,U2,0.99
Terhi                                              Hämäläinen                                        ,Temple of the Dog,0.99
Ladislav                                           Kovács                                            ,Aerosmith,0.99
R                                                  Madhav                                            ,Caetano Veloso,0.99
Kathy                                              Chase                                             ,Motörhead,0.99
R                                                  Madhav                                            ,Rush,0.99
Dan                                                Miller                                            ,James Brown,0.99
John                                               Gordon                                            ,Soundgarden,0.99
Hannah                                             Schneider                                         ,Mötley Crüe,0.99
Luis                                               Rojas                                             ,Kiss,0.99
Roberto                                            Almeida                                           ,Rush,0.99
Patrick                                            Gray                                              ,Apocalyptica,0.99
Helena                                             Holý                                              ,The Posies,0.99
Jennifer                                           Peterson                                          ,Eric Clapton,0.99
Jennifer                                           Peterson                                          ,Raul Seixas,0.99
Daan                                               Peeters                                           ,Metallica,0.99
R                                                  Madhav                                            ,Marvin Gaye,0.99
Ellie                                              Sullivan                                          ,Creedence Clearwater Revival,0.99
Marc                                               Dubois                                            ,Iron Maiden,0.99
Jack                                               Smith                                             ,Ozzy Osbourne,0.99
Puja                                               Srivastava                                        ,Iron Maiden,0.99
Dan                                                Miller                                            ,System Of A Down,0.99
Michelle                                           Brooks                                            ,James Brown,0.99
Isabelle                                           Mercier                                           ,Black Sabbath,0.99
Aaron                                              Mitchell                                          ,Rush,0.99
Diego                                              Gutiérrez                                         ,JET,0.99
Camille                                            Bernard                                           ,Cake,0.99
Camille                                            Bernard                                           ,Van Halen,0.99
Jennifer                                           Peterson                                          ,Foo Fighters,0.99
Tim                                                Goyer                                             ,Godsmack,0.99
Roberto                                            Almeida                                           ,Alice In Chains,0.99
Marc                                               Dubois                                            ,Led Zeppelin,0.99
Luís                                               Gonçalves                                         ,Foo Fighters,0.99
Terhi                                              Hämäläinen                                        ,Frank Sinatra,0.99
Manoj                                              Pareek                                            ,Black Label Society,0.99
Fernanda                                           Ramos                                             ,Creedence Clearwater Revival,0.99
Luís                                               Gonçalves                                         ,Yo-Yo Ma,0.99
Helena                                             Holý                                              ,Cake,0.99
Camille                                            Bernard                                           ,Guns N' Roses,0.99
Frank                                              Ralston                                           ,Pink Floyd,0.99
Julia                                              Barnett                                           ,Nirvana,0.99
Mark                                               Philips                                           ,Deep Purple,0.99
Niklas                                             Schröder                                          ,Alanis Morissette,0.99
Johannes                                           Van der Berg                                      ,Faith No More,0.99
João                                               Fernandes                                         ,Amy Winehouse,0.99
Hugh                                               O'Reilly                                          ,James Brown,0.99
Bjørn                                              Hansen                                            ,The Rolling Stones,0.99
R                                                  Madhav                                            ,The Doors,0.99
Jack                                               Smith                                             ,Iron Maiden,0.99
Jennifer                                           Peterson                                          ,Alanis Morissette,0.99
Niklas                                             Schröder                                          ,Audioslave,0.99
João                                               Fernandes                                         ,JET,0.99
Johannes                                           Van der Berg                                      ,Judas Priest,0.99
Mark                                               Taylor                                            ,Gilberto Gil,0.99
John                                               Gordon                                            ,Black Sabbath,0.99
Aaron                                              Mitchell                                          ,Red Hot Chili Peppers,0.99
Niklas                                             Schröder                                          ,R.E.M.,0.99
Frank                                              Ralston                                           ,Accept,0.99
Richard                                            Cunningham                                        ,Queen,0.99
Heather                                            Leacock                                           ,Aerosmith,0.99
Astrid                                             Gruber                                            ,Chico Buarque,0.99
Edward                                             Francis                                           ,Motörhead,0.99
Robert                                             Brown                                             ,R.E.M.,0.99
Puja                                               Srivastava                                        ,Men At Work,0.99
Wyatt                                              Girard                                            ,Antônio Carlos Jobim,0.99
Kathy                                              Chase                                             ,The Police,0.99
Ellie                                              Sullivan                                          ,Deep Purple,0.99
Jack                                               Smith                                             ,Stone Temple Pilots,0.99
Mark                                               Taylor                                            ,Marillion,0.99
Ellie                                              Sullivan                                          ,Green Day,0.99
Edward                                             Francis                                           ,JET,0.99
Roberto                                            Almeida                                           ,Chico Science & Nação Zumbi,0.99
Niklas                                             Schröder                                          ,The Police,0.99
Julia                                              Barnett                                           ,Cake,0.99
Michelle                                           Brooks                                            ,Ozzy Osbourne,0.99
Isabelle                                           Mercier                                           ,Iron Maiden,0.99
Lucas                                              Mancini                                           ,Eric Clapton,0.99
Roberto                                            Almeida                                           ,Judas Priest,0.99
Kara                                               Nielsen                                           ,Alanis Morissette,0.99
Joakim                                             Johansson                                         ,Nicolaus Esterhazy Sinfonia,0.99
Madalena                                           Sampaio                                           ,Ozzy Osbourne,0.99
Terhi                                              Hämäläinen                                        ,Accept,0.99
Puja                                               Srivastava                                        ,U2,0.99
Hugh                                               O'Reilly                                          ,Aerosmith,0.99
Ellie                                              Sullivan                                          ,Caetano Veloso,0.99
Helena                                             Holý                                              ,Metallica,0.99
Terhi                                              Hämäläinen                                        ,Zeca Pagodinho,0.99
Mark                                               Taylor                                            ,Lenny Kravitz,0.99
Helena                                             Holý                                              ,Skank,0.99
R                                                  Madhav                                            ,Amy Winehouse,0.99
Dan                                                Miller                                            ,Os Mutantes,0.99
Michelle                                           Brooks                                            ,Eric Clapton,0.99
Joakim                                             Johansson                                         ,Led Zeppelin,0.99
Hugh                                               O'Reilly                                          ,AC/DC,0.99
Tim                                                Goyer                                             ,Jimi Hendrix,0.99
Madalena                                           Sampaio                                           ,Gustav Mahler,0.99
Marc                                               Dubois                                            ,Def Leppard,0.99
Frank                                              Ralston                                           ,Scorpions,0.99
Marc                                               Dubois                                            ,Marisa Monte,0.99
Wyatt                                              Girard                                            ,UB40,0.99
Aaron                                              Mitchell                                          ,Eric Clapton,0.99
Hugh                                               O'Reilly                                          ,Santana,0.99
Madalena                                           Sampaio                                           ,Led Zeppelin,0.99
Patrick                                            Gray                                              ,Cake,0.99
Leonie                                             Köhler                                            ,Frank Sinatra,0.99
Patrick                                            Gray                                              ,Led Zeppelin,0.99
Fernanda                                           Ramos                                             ,Metallica,0.99
Camille                                            Bernard                                           ,Apocalyptica,0.99
Isabelle                                           Mercier                                           ,Audioslave,0.99
Kara                                               Nielsen                                           ,Iron Maiden,0.99
John                                               Gordon                                            ,Cake,0.99
Helena                                             Holý                                              ,Os Mutantes,0.99
Isabelle                                           Mercier                                           ,Queen,0.99
Robert                                             Brown                                             ,Green Day,0.99
Aaron                                              Mitchell                                          ,Alanis Morissette,0.99
Frank                                              Ralston                                           ,Metallica,0.99
Mark                                               Philips                                           ,Motörhead,0.99
Fernanda                                           Ramos                                             ,Judas Priest,0.99
Hugh                                               O'Reilly                                          ,The Clash,0.99
Niklas                                             Schröder                                          ,Kiss,0.99
Madalena                                           Sampaio                                           ,Van Halen,0.99
Isabelle                                           Mercier                                           ,Red Hot Chili Peppers,0.99
Helena                                             Holý                                              ,Miles Davis,0.99
Ladislav                                           Kovács                                            ,Deep Purple,0.99
Leonie                                             Köhler                                            ,Soundgarden,0.99
Frank                                              Ralston                                           ,James Brown,0.99
Enrique                                            Muñoz                                             ,Nirvana,0.99
Manoj                                              Pareek                                            ,The Who,0.99
Tim                                                Goyer                                             ,Red Hot Chili Peppers,0.99
Patrick                                            Gray                                              ,Amy Winehouse,0.99
Patrick                                            Gray                                              ,Faith No More,0.99
Wyatt                                              Girard                                            ,Gilberto Gil,0.99
Kara                                               Nielsen                                           ,Foo Fighters,0.99
R                                                  Madhav                                            ,Black Sabbath,0.99
Marc                                               Dubois                                            ,Antônio Carlos Jobim,0.99
Enrique                                            Muñoz                                             ,The Doors,0.99
Kara                                               Nielsen                                           ,Scorpions,0.99
Frank                                              Harris                                            ,Raimundos,0.99
Helena                                             Holý                                              ,Gonzaguinha,0.99
Julia                                              Barnett                                           ,Maurizio Pollini,0.99
Ellie                                              Sullivan                                          ,UB40,0.99
Hannah                                             Schneider                                         ,Pink Floyd,0.99
Dominique                                          Lefebvre                                          ,Guns N' Roses,0.99
Ellie                                              Sullivan                                          ,Skank,0.99
Enrique                                            Muñoz                                             ,Pearl Jam,0.99
Enrique                                            Muñoz                                             ,JET,0.99
Hugh                                               O'Reilly                                          ,U2,0.99
Enrique                                            Muñoz                                             ,The Posies,0.99
Ladislav                                           Kovács                                            ,Jamiroquai,0.99
Terhi                                              Hämäläinen                                        ,Creedence Clearwater Revival,0.99
Astrid                                             Gruber                                            ,Creedence Clearwater Revival,0.99
Heather                                            Leacock                                           ,The Clash,0.99
François                                           Tremblay                                          ,Spyro Gyra,0.99
Daan                                               Peeters                                           ,Eric Clapton,0.99
Eduardo                                            Martins                                           ,Eric Clapton,0.99
Johannes                                           Van der Berg                                      ,Aerosmith,0.99
Terhi                                              Hämäläinen                                        ,Mötley Crüe,0.99
Julia                                              Barnett                                           ,Velvet Revolver,0.99
Helena                                             Holý                                              ,Marisa Monte,0.99
Fernanda                                           Ramos                                             ,Incognito,0.99
Victor                                             Stevens                                           ,Alanis Morissette,0.99
Lucas                                              Mancini                                           ,Godsmack,0.99
Steve                                              Murray                                            ,The Doors,0.99
Emma                                               Jones                                             ,U2,0.99
Isabelle                                           Mercier                                           ,Pink Floyd,0.99
Fernanda                                           Ramos                                             ,The 12 Cellists of The Berlin Philharmonic,0.99
Hugh                                               O'Reilly                                          ,Mötley Crüe,0.99
Astrid                                             Gruber                                            ,The Police,0.99
Frank                                              Ralston                                           ,Led Zeppelin,0.99
Aaron                                              Mitchell                                          ,House Of Pain,0.99
Hannah                                             Schneider                                         ,Rush,0.99
John                                               Gordon                                            ,UB40,0.99
Astrid                                             Gruber                                            ,Raimundos,0.99
Edward                                             Francis                                           ,Audioslave,0.99
Dominique                                          Lefebvre                                          ,Led Zeppelin,0.99
Jack                                               Smith                                             ,Santana,0.99
Kara                                               Nielsen                                           ,Marillion,0.99
Michelle                                           Brooks                                            ,Lenny Kravitz,0.99
Aaron                                              Mitchell                                          ,The Who,0.99
R                                                  Madhav                                            ,Luciano Pavarotti,0.99
Edward                                             Francis                                           ,Miles Davis,0.99
R                                                  Madhav                                            ,Cake,0.99
Mark                                               Taylor                                            ,Faith No More,0.99
Michelle                                           Brooks                                            ,Iron Maiden,0.99
Isabelle                                           Mercier                                           ,Emerson String Quartet,0.99
Madalena                                           Sampaio                                           ,Lenny Kravitz,0.99
Terhi                                              Hämäläinen                                        ,Lulu Santos,0.99
Lucas                                              Mancini                                           ,Green Day,0.99
Hugh                                               O'Reilly                                          ,Raimundos,0.99
Puja                                               Srivastava                                        ,Santana,0.99
Hugh                                               O'Reilly                                          ,Battlestar Galactica,0.99
Jennifer                                           Peterson                                          ,Iron Maiden,0.99
Manoj                                              Pareek                                            ,Judas Priest,0.99
Wyatt                                              Girard                                            ,Lenny Kravitz,0.99
Hannah                                             Schneider                                         ,The Posies,0.99
Camille                                            Bernard                                           ,Aerosmith,0.99
Lucas                                              Mancini                                           ,The Clash,0.99
João                                               Fernandes                                         ,Audioslave,0.99
Madalena                                           Sampaio                                           ,Jota Quest,0.99
Jennifer                                           Peterson                                          ,Tim Maia,0.99
Daan                                               Peeters                                           ,Apocalyptica,0.99
Aaron                                              Mitchell                                          ,Miles Davis,0.99
Eduardo                                            Martins                                           ,AC/DC,0.99
Jack                                               Smith                                             ,Lenny Kravitz,0.99
Patrick                                            Gray                                              ,Ozzy Osbourne,0.99
Joakim                                             Johansson                                         ,Faith No More,0.99
Roberto                                            Almeida                                           ,Van Halen,0.99
Madalena                                           Sampaio                                           ,Green Day,0.99
Terhi                                              Hämäläinen                                        ,Godsmack,0.99
Michelle                                           Brooks                                            ,The King's Singers,0.99
Helena                                             Holý                                              ,The Clash,0.99
Michelle                                           Brooks                                            ,Yo-Yo Ma,0.99
Stanisław                                          Wójcik                                            ,Green Day,0.99
Puja                                               Srivastava                                        ,Queen,0.99
Luis                                               Rojas                                             ,Bruce Dickinson,0.99
Luis                                               Rojas                                             ,The Clash,0.99
Enrique                                            Muñoz                                             ,Zeca Pagodinho,0.99
Isabelle                                           Mercier                                           ,Lenny Kravitz,0.99
Julia                                              Barnett                                           ,Deep Purple,0.99
Mark                                               Philips                                           ,Judas Priest,0.99
Camille                                            Bernard                                           ,Men At Work,0.99
Mark                                               Philips                                           ,Velvet Revolver,0.99
Wyatt                                              Girard                                            ,System Of A Down,0.99
Luis                                               Rojas                                             ,U2,0.99
Martha                                             Silk                                              ,Chris Cornell,0.99
Hannah                                             Schneider                                         ,The Rolling Stones,0.99
Alexandre                                          Rocha                                             ,UB40,0.99
João                                               Fernandes                                         ,Cake,0.99
Helena                                             Holý                                              ,Antônio Carlos Jobim,0.99
Frank                                              Harris                                            ,System Of A Down,0.99
Frank                                              Harris                                            ,Motörhead,0.99
Mark                                               Taylor                                            ,Nirvana,0.99
Jennifer                                           Peterson                                          ,Black Label Society,0.99
Diego                                              Gutiérrez                                         ,Frank Sinatra,0.99
Stanisław                                          Wójcik                                            ,Velvet Revolver,0.99
Fernanda                                           Ramos                                             ,Eric Clapton,0.99
Diego                                              Gutiérrez                                         ,Cake,0.99
Mark                                               Taylor                                            ,James Brown,0.99
Diego                                              Gutiérrez                                         ,R.E.M.,0.99
Eduardo                                            Martins                                           ,Amy Winehouse,0.99
Dan                                                Miller                                            ,Led Zeppelin,0.99
Jennifer                                           Peterson                                          ,The Doors,0.99
Bjørn                                              Hansen                                            ,Red Hot Chili Peppers,0.99
Hugh                                               O'Reilly                                          ,Green Day,0.99
John                                               Gordon                                            ,Marvin Gaye,0.99
Marc                                               Dubois                                            ,U2,0.99
François                                           Tremblay                                          ,Alanis Morissette,0.99
Johannes                                           Van der Berg                                      ,Led Zeppelin,0.99
Alexandre                                          Rocha                                             ,Motörhead,0.99
Isabelle                                           Mercier                                           ,Guns N' Roses,0.99
John                                               Gordon                                            ,Spyro Gyra,0.99
Leonie                                             Köhler                                            ,R.E.M.,0.99
Niklas                                             Schröder                                          ,Motörhead,0.99
Tim                                                Goyer                                             ,Stone Temple Pilots,0.99
Johannes                                           Van der Berg                                      ,Spyro Gyra,0.99
Dominique                                          Lefebvre                                          ,Ozzy Osbourne,0.99
Ellie                                              Sullivan                                          ,Miles Davis,0.99
Mark                                               Taylor                                            ,U2,0.99
Puja                                               Srivastava                                        ,System Of A Down,0.99
Ellie                                              Sullivan                                          ,Stone Temple Pilots,0.99
Luís                                               Gonçalves                                         ,Calexico,0.99
Isabelle                                           Mercier                                           ,Pearl Jam,0.99
Michelle                                           Brooks                                            ,Caetano Veloso,0.99
Manoj                                              Pareek                                            ,Page & Plant,0.99
Ellie                                              Sullivan                                          ,Audioslave,0.99
Tim                                                Goyer                                             ,Santana,0.99
Lucas                                              Mancini                                           ,Santana,0.99
Johannes                                           Van der Berg                                      ,Alanis Morissette,0.99
Mark                                               Taylor                                            ,Queen,0.99
Frank                                              Harris                                            ,Guns N' Roses,0.99
Patrick                                            Gray                                              ,Eric Clapton,0.99
Madalena                                           Sampaio                                           ,Chris Cornell,0.99
Emma                                               Jones                                             ,Black Sabbath,0.99
Daan                                               Peeters                                           ,Luciana Souza/Romero Lubambo,0.99
Helena                                             Holý                                              ,Calexico,0.99
Eduardo                                            Martins                                           ,The Rolling Stones,0.99
Frank                                              Ralston                                           ,Marvin Gaye,0.99
Steve                                              Murray                                            ,Christopher O'Riley,0.99
Richard                                            Cunningham                                        ,Lulu Santos,0.99
Fernanda                                           Ramos                                             ,Nirvana,0.99
Phil                                               Hughes                                            ,Billy Cobham,0.99
Wyatt                                              Girard                                            ,Marvin Gaye,0.99
Terhi                                              Hämäläinen                                        ,Deep Purple,0.99
Phil                                               Hughes                                            ,Kiss,0.99
Helena                                             Holý                                              ,JET,0.99
Niklas                                             Schröder                                          ,Green Day,0.99
Alexandre                                          Rocha                                             ,Iron Maiden,0.99
Mark                                               Taylor                                            ,The Rolling Stones,0.99
Kara                                               Nielsen                                           ,UB40,0.99
Mark                                               Philips                                           ,Led Zeppelin,0.99
Fynn                                               Zimmermann                                        ,Pink Floyd,0.99
Mark                                               Taylor                                            ,Ed Motta,0.99
Richard                                            Cunningham                                        ,Funk Como Le Gusta,0.99
Heather                                            Leacock                                           ,Jamiroquai,0.99
Wyatt                                              Girard                                            ,Pink Floyd,0.99
Johannes                                           Van der Berg                                      ,Cake,0.99
R                                                  Madhav                                            ,Pink Floyd,0.99
Roberto                                            Almeida                                           ,Faith No More,0.99
Johannes                                           Van der Berg                                      ,Scholars Baroque Ensemble,0.99
Phil                                               Hughes                                            ,Legião Urbana,0.99
Richard                                            Cunningham                                        ,Aerosmith,0.99
John                                               Gordon                                            ,Ed Motta,0.99
Manoj                                              Pareek                                            ,Marisa Monte,0.99
Johannes                                           Van der Berg                                      ,Guns N' Roses,0.99
Frank                                              Harris                                            ,Pearl Jam,0.99
Michelle                                           Brooks                                            ,Godsmack,0.99
Frank                                              Harris                                            ,Mötley Crüe,0.99
R                                                  Madhav                                            ,Van Halen,0.99
Ellie                                              Sullivan                                          ,Motörhead,0.99
R                                                  Madhav                                            ,Chico Buarque,0.99
Hannah                                             Schneider                                         ,Frank Sinatra,0.99
Dan                                                Miller                                            ,The Doors,0.99
Enrique                                            Muñoz                                             ,Pink Floyd,0.99
Leonie                                             Köhler                                            ,Metallica,0.99
Bjørn                                              Hansen                                            ,Pearl Jam,0.99
Heather                                            Leacock                                           ,Foo Fighters,0.99
R                                                  Madhav                                            ,Black Label Society,0.99
Wyatt                                              Girard                                            ,The Rolling Stones,0.99
Manoj                                              Pareek                                            ,Deep Purple,0.99
Daan                                               Peeters                                           ,Nirvana,0.99
Camille                                            Bernard                                           ,Amy Winehouse,0.99
Isabelle                                           Mercier                                           ,Chico Buarque,0.99
Jack                                               Smith                                             ,Judas Priest,0.99
Astrid                                             Gruber                                            ,Temple of the Dog,0.99
Luis                                               Rojas                                             ,Foo Fighters,0.99
Jennifer                                           Peterson                                          ,AC/DC,0.99
Niklas                                             Schröder                                          ,James Brown,0.99
Johannes                                           Van der Berg                                      ,Kiss,0.99
Tim                                                Goyer                                             ,Frank Sinatra,0.99
Roberto                                            Almeida                                           ,Skank,0.99
Wyatt                                              Girard                                            ,Jamiroquai,0.99
Manoj                                              Pareek                                            ,House Of Pain,0.99
Jennifer                                           Peterson                                          ,Godsmack,0.99
Kathy                                              Chase                                             ,U2,0.99
Lucas                                              Mancini                                           ,Amy Winehouse,0.99
Terhi                                              Hämäläinen                                        ,Marvin Gaye,0.99
Luis                                               Rojas                                             ,Calexico,0.99
Joakim                                             Johansson                                         ,The Clash,0.99
Wyatt                                              Girard                                            ,Soundgarden,0.99
Frank                                              Harris                                            ,Audioslave,0.99
François                                           Tremblay                                          ,Frank Sinatra,0.99
Patrick                                            Gray                                              ,Jamiroquai,0.99
Manoj                                              Pareek                                            ,Van Halen,0.99
John                                               Gordon                                            ,Def Leppard,0.99
Puja                                               Srivastava                                        ,Apocalyptica,0.99
Hugh                                               O'Reilly                                          ,Lenny Kravitz,0.99
Stanisław                                          Wójcik                                            ,Alanis Morissette,0.99
Roberto                                            Almeida                                           ,Scorpions,0.99
Stanisław                                          Wójcik                                            ,Motörhead,0.99
Michelle                                           Brooks                                            ,Mötley Crüe,0.99
Ellie                                              Sullivan                                          ,Def Leppard,0.99
Isabelle                                           Mercier                                           ,Creedence Clearwater Revival,0.99
Steve                                              Murray                                            ,Metallica,0.99
Jennifer                                           Peterson                                          ,U2,0.99
Frank                                              Ralston                                           ,Apocalyptica,0.99
Heather                                            Leacock                                           ,UB40,0.99
Madalena                                           Sampaio                                           ,Audioslave,0.99
Fernanda                                           Ramos                                             ,Gustav Mahler,0.99
Michelle                                           Brooks                                            ,Bruce Dickinson,0.99
Mark                                               Taylor                                            ,Yehudi Menuhin,0.99
Jennifer                                           Peterson                                          ,Guns N' Roses,0.99
Luís                                               Gonçalves                                         ,Frank Sinatra,0.99
Steve                                              Murray                                            ,Cidade Negra,0.99
Puja                                               Srivastava                                        ,Black Sabbath,0.99
Ladislav                                           Kovács                                            ,Skank,0.99
Johannes                                           Van der Berg                                      ,Iron Maiden,0.99
Isabelle                                           Mercier                                           ,Aaron Goldberg,0.99
Terhi                                              Hämäläinen                                        ,Def Leppard,0.99
Enrique                                            Muñoz                                             ,Temple of the Dog,0.99
Leonie                                             Köhler                                            ,O Rappa,0.99
Hugh                                               O'Reilly                                          ,Wilhelm Kempff,0.99
João                                               Fernandes                                         ,U2,0.99
Terhi                                              Hämäläinen                                        ,The Doors,0.99
Madalena                                           Sampaio                                           ,Joe Satriani,0.99
Bjørn                                              Hansen                                            ,Deep Purple,0.99
Leonie                                             Köhler                                            ,Miles Davis,0.99
R                                                  Madhav                                            ,Temple of the Dog,0.99
Terhi                                              Hämäläinen                                        ,Santana,0.99
Frank                                              Ralston                                           ,The Black Crowes,0.99
John                                               Gordon                                            ,Pearl Jam,0.99
Terhi                                              Hämäläinen                                        ,James Brown,0.99
Isabelle                                           Mercier                                           ,Dread Zeppelin,0.99
Fernanda                                           Ramos                                             ,AC/DC,0.99
Madalena                                           Sampaio                                           ,Aerosmith,0.99
Camille                                            Bernard                                           ,Led Zeppelin,0.99
Madalena                                           Sampaio                                           ,Marisa Monte,0.99
Eduardo                                            Martins                                           ,Santana,0.99
Daan                                               Peeters                                           ,O Rappa,0.99
Luis                                               Rojas                                             ,Caetano Veloso,0.99
Manoj                                              Pareek                                            ,Creedence Clearwater Revival,0.99
Ellie                                              Sullivan                                          ,Legião Urbana,0.99
Dan                                                Miller                                            ,Black Sabbath,0.99
Alexandre                                          Rocha                                             ,Itzhak Perlman,0.99
Stanisław                                          Wójcik                                            ,Gilberto Gil,0.99
Emma                                               Jones                                             ,Jota Quest,0.99
Ladislav                                           Kovács                                            ,Creedence Clearwater Revival,0.99
Helena                                             Holý                                              ,Kiss,0.99
Lucas                                              Mancini                                           ,Aaron Goldberg,0.99
Stanisław                                          Wójcik                                            ,Eric Clapton,0.99
Tim                                                Goyer                                             ,Tim Maia,0.99
R                                                  Madhav                                            ,UB40,0.99
Emma                                               Jones                                             ,The Police,0.99
Isabelle                                           Mercier                                           ,The Police,0.99
Daan                                               Peeters                                           ,AC/DC,0.99
Frank                                              Harris                                            ,Os Mutantes,0.99
Ellie                                              Sullivan                                          ,Mötley Crüe,0.99
Frank                                              Harris                                            ,Marvin Gaye,0.99
Fynn                                               Zimmermann                                        ,Karsh Kale,0.99
Jack                                               Smith                                             ,Eric Clapton,0.99
Lucas                                              Mancini                                           ,Os Mutantes,0.99
Luís                                               Gonçalves                                         ,Motörhead,0.99
Niklas                                             Schröder                                          ,Deep Purple,0.99
Patrick                                            Gray                                              ,Queen,0.99
Stanisław                                          Wójcik                                            ,The Black Crowes,0.99
Victor                                             Stevens                                           ,Aerosmith,0.99
Robert                                             Brown                                             ,Pearl Jam,0.99
Manoj                                              Pareek                                            ,The Clash,0.99
Diego                                              Gutiérrez                                         ,Guns N' Roses,0.99
Michelle                                           Brooks                                            ,Raul Seixas,0.99
Dan                                                Miller                                            ,JET,0.99
Edward                                             Francis                                           ,Van Halen,0.99
Luis                                               Rojas                                             ,The Black Crowes,0.99
Luis                                               Rojas                                             ,Cake,0.99
Frank                                              Harris                                            ,Green Day,0.99
Heather                                            Leacock                                           ,JET,0.99
Daan                                               Peeters                                           ,Amy Winehouse,0.99
Kathy                                              Chase                                             ,System Of A Down,0.99
Frank                                              Harris                                            ,Deep Purple,0.99
François                                           Tremblay                                          ,Foo Fighters,0.99
Leonie                                             Köhler                                            ,Alice In Chains,0.99
Daan                                               Peeters                                           ,Kiss,0.99
Kara                                               Nielsen                                           ,Lenny Kravitz,0.99
Julia                                              Barnett                                           ,Billy Cobham,0.99
Madalena                                           Sampaio                                           ,Guns N' Roses,0.99
Michelle                                           Brooks                                            ,Van Halen,0.99
Dominique                                          Lefebvre                                          ,System Of A Down,0.99
Bjørn                                              Hansen                                            ,Jamiroquai,0.99
Emma                                               Jones                                             ,Cake,0.99
Fernanda                                           Ramos                                             ,Led Zeppelin,0.99
Frank                                              Ralston                                           ,Amy Winehouse,0.99
Alexandre                                          Rocha                                             ,Def Leppard,0.99
Richard                                            Cunningham                                        ,Red Hot Chili Peppers,0.99
Mark                                               Taylor                                            ,The Who,0.99
Steve                                              Murray                                            ,Iron Maiden,0.99
Michelle                                           Brooks                                            ,JET,0.99
Kara                                               Nielsen                                           ,Incognito,0.99
Kathy                                              Chase                                             ,UB40,0.99
Heather                                            Leacock                                           ,Soundgarden,0.99
Helena                                             Holý                                              ,Milton Nascimento,0.99
Mark                                               Taylor                                            ,Godsmack,0.99
Frank                                              Ralston                                           ,Ozzy Osbourne,0.99
Helena                                             Holý                                              ,Bruce Dickinson,0.99
Dan                                                Miller                                            ,Skank,0.99
Phil                                               Hughes                                            ,Guns N' Roses,0.99
Frank                                              Ralston                                           ,Os Mutantes,0.99
Mark                                               Philips                                           ,Marvin Gaye,0.99
Patrick                                            Gray                                              ,Mötley Crüe,0.99
Alexandre                                          Rocha                                             ,Judas Priest,0.99
Stanisław                                          Wójcik                                            ,Calexico,0.99
Hannah                                             Schneider                                         ,Deep Purple,0.99
Phil                                               Hughes                                            ,The Doors,0.99
Leonie                                             Köhler                                            ,Chico Buarque,0.99
Kathy                                              Chase                                             ,Jimi Hendrix,0.99
Hugh                                               O'Reilly                                          ,Black Sabbath,0.99
Terhi                                              Hämäläinen                                        ,Led Zeppelin,0.99
Edward                                             Francis                                           ,Chico Buarque,0.99
Fernanda                                           Ramos                                             ,Zeca Pagodinho,0.99
Heather                                            Leacock                                           ,Def Leppard,0.99
Marc                                               Dubois                                            ,Alice In Chains,0.99
Richard                                            Cunningham                                        ,Stone Temple Pilots,0.99
Fynn                                               Zimmermann                                        ,Creedence Clearwater Revival,0.99
Leonie                                             Köhler                                            ,Marvin Gaye,0.99
Tim                                                Goyer                                             ,Guns N' Roses,0.99
Daan                                               Peeters                                           ,The Posies,0.99
Alexandre                                          Rocha                                             ,Titãs,0.99
Hannah                                             Schneider                                         ,Billy Cobham,0.99
Puja                                               Srivastava                                        ,The Rolling Stones,0.99
Wyatt                                              Girard                                            ,U2,0.99
Kara                                               Nielsen                                           ,Red Hot Chili Peppers,0.99
Martha                                             Silk                                              ,Faith No More,0.99
Stanisław                                          Wójcik                                            ,Van Halen,0.99
Marc                                               Dubois                                            ,R.E.M.,0.99
Luis                                               Rojas                                             ,Van Halen,0.99
Luís                                               Gonçalves                                         ,Mötley Crüe,0.99
François                                           Tremblay                                          ,Def Leppard,0.99
Steve                                              Murray                                            ,Aerosmith,0.99
Patrick                                            Gray                                              ,Marillion,0.99
Leonie                                             Köhler                                            ,Deep Purple,0.99
John                                               Gordon                                            ,Alanis Morissette,0.99
Martha                                             Silk                                              ,Aerosmith,0.99
Jack                                               Smith                                             ,Velvet Revolver,0.99
Mark                                               Taylor                                            ,Marvin Gaye,0.99
Joakim                                             Johansson                                         ,U2,0.99
Johannes                                           Van der Berg                                      ,The Doors,0.99
Luís                                               Gonçalves                                         ,Stone Temple Pilots,0.99
Heather                                            Leacock                                           ,Men At Work,0.99
Phil                                               Hughes                                            ,Academy of St. Martin in the Fields & Sir Neville Marriner,0.99
Wyatt                                              Girard                                            ,Apocalyptica,0.99
Luís                                               Gonçalves                                         ,Joe Satriani,0.99
Richard                                            Cunningham                                        ,Pink Floyd,0.99
Joakim                                             Johansson                                         ,Judas Priest,0.99
Camille                                            Bernard                                           ,Godsmack,0.99
Camille                                            Bernard                                           ,Metallica,0.99
Emma                                               Jones                                             ,Green Day,0.99
Ellie                                              Sullivan                                          ,Itzhak Perlman,0.99
Astrid                                             Gruber                                            ,AC/DC,0.99
Tim                                                Goyer                                             ,Aerosmith,0.99
François                                           Tremblay                                          ,Buddy Guy,0.99
Frank                                              Ralston                                           ,Foo Fighters,0.99
Emma                                               Jones                                             ,Os Mutantes,0.99
Patrick                                            Gray                                              ,R.E.M.,0.99
Mark                                               Taylor                                            ,AC/DC,0.99
Ellie                                              Sullivan                                          ,Nirvana,0.99
Richard                                            Cunningham                                        ,Buddy Guy,0.99
Aaron                                              Mitchell                                          ,Metallica,0.99
Emma                                               Jones                                             ,Foo Fighters,0.99
Fernanda                                           Ramos                                             ,Skank,0.99
John                                               Gordon                                            ,Chris Cornell,0.99
R                                                  Madhav                                            ,Def Leppard,0.99
Hugh                                               O'Reilly                                          ,The Police,0.99
Alexandre                                          Rocha                                             ,Aerosmith,0.99
Mark                                               Philips                                           ,Amy Winehouse,0.99
Ladislav                                           Kovács                                            ,The Rolling Stones,0.99
Mark                                               Philips                                           ,Eric Clapton,0.99
Kathy                                              Chase                                             ,The Who,0.99
John                                               Gordon                                            ,Led Zeppelin,0.99
Manoj                                              Pareek                                            ,Apocalyptica,0.99
Steve                                              Murray                                            ,Os Mutantes,0.99
Luis                                               Rojas                                             ,Soundgarden,0.99
Leonie                                             Köhler                                            ,Guns N' Roses,0.99
Marc                                               Dubois                                            ,Nirvana,0.99
Marc                                               Dubois                                            ,Foo Fighters,0.99
Puja                                               Srivastava                                        ,Alice In Chains,0.99
Hugh                                               O'Reilly                                          ,Velvet Revolver,0.99
Frank                                              Ralston                                           ,System Of A Down,0.99
Julia                                              Barnett                                           ,Creedence Clearwater Revival,0.99
Ladislav                                           Kovács                                            ,AC/DC,0.99
Dominique                                          Lefebvre                                          ,Chico Buarque,0.99
Luís                                               Gonçalves                                         ,Metallica,0.99
Manoj                                              Pareek                                            ,Red Hot Chili Peppers,0.99
Puja                                               Srivastava                                        ,Amy Winehouse,0.99
Eduardo                                            Martins                                           ,Aerosmith,0.99
Frank                                              Ralston                                           ,Alice In Chains,0.99
Lucas                                              Mancini                                           ,JET,0.99
Luis                                               Rojas                                             ,Velvet Revolver,0.99
Isabelle                                           Mercier                                           ,Buddy Guy,0.99
François                                           Tremblay                                          ,Karsh Kale,0.99
R                                                  Madhav                                            ,Stone Temple Pilots,0.99
Julia                                              Barnett                                           ,House Of Pain,0.99
Edward                                             Francis                                           ,Aisha Duo,0.99
Bjørn                                              Hansen                                            ,Cake,0.99
Manoj                                              Pareek                                            ,AC/DC,0.99
Victor                                             Stevens                                           ,Faith No More,0.99
Bjørn                                              Hansen                                            ,The Clash,0.99
Robert                                             Brown                                             ,AC/DC,0.99
Wyatt                                              Girard                                            ,Stone Temple Pilots,0.99
Edward                                             Francis                                           ,The Cult,0.99
Ladislav                                           Kovács                                            ,Frank Sinatra,0.99
Manoj                                              Pareek                                            ,U2,0.99
Fernanda                                           Ramos                                             ,Audioslave,0.99
Madalena                                           Sampaio                                           ,Alice In Chains,0.99
Enrique                                            Muñoz                                             ,The Cult,0.99
João                                               Fernandes                                         ,Accept,0.99
Frank                                              Ralston                                           ,Green Day,0.99
Eduardo                                            Martins                                           ,Ozzy Osbourne,0.99
Terhi                                              Hämäläinen                                        ,Maurizio Pollini,0.99
Niklas                                             Schröder                                          ,System Of A Down,0.99
João                                               Fernandes                                         ,Stone Temple Pilots,0.99
Madalena                                           Sampaio                                           ,UB40,0.99
Jennifer                                           Peterson                                          ,Santana,0.99
Emma                                               Jones                                             ,Audioslave,0.99
Kathy                                              Chase                                             ,Jota Quest,0.99
Jack                                               Smith                                             ,UB40,0.99
Bjørn                                              Hansen                                            ,Foo Fighters,0.99
Frank                                              Ralston                                           ,R.E.M.,0.99
John                                               Gordon                                            ,Buddy Guy,0.99
Puja                                               Srivastava                                        ,Van Halen,0.99
Marc                                               Dubois                                            ,Rush,0.99
Diego                                              Gutiérrez                                         ,The Rolling Stones,0.99
Eduardo                                            Martins                                           ,Aaron Goldberg,0.99
Fernanda                                           Ramos                                             ,Frank Sinatra,0.99
Camille                                            Bernard                                           ,Frank Sinatra,0.99
Alexandre                                          Rocha                                             ,Chico Buarque,0.99
Luis                                               Rojas                                             ,Lenny Kravitz,0.99
Emma                                               Jones                                             ,Alice In Chains,0.99
Roberto                                            Almeida                                           ,Iron Maiden,0.99
Niklas                                             Schröder                                          ,U2,0.99
Martha                                             Silk                                              ,Pearl Jam,0.99
François                                           Tremblay                                          ,The Rolling Stones,0.99
Stanisław                                          Wójcik                                            ,Cake,0.99
Camille                                            Bernard                                           ,The Police,0.99
Robert                                             Brown                                             ,Nirvana,0.99
Julia                                              Barnett                                           ,Frank Sinatra,0.99
Isabelle                                           Mercier                                           ,Godsmack,0.99
Kathy                                              Chase                                             ,Raimundos,0.99
Frank                                              Ralston                                           ,UB40,0.99
Niklas                                             Schröder                                          ,Christopher O'Riley,0.99
Eduardo                                            Martins                                           ,Van Halen,0.99
Helena                                             Holý                                              ,The Rolling Stones,0.99
Steve                                              Murray                                            ,Accept,0.99
Dominique                                          Lefebvre                                          ,Creedence Clearwater Revival,0.99
Madalena                                           Sampaio                                           ,The Rolling Stones,0.99
Joakim                                             Johansson                                         ,Rush,0.99
Steve                                              Murray                                            ,System Of A Down,0.99
Ellie                                              Sullivan                                          ,Aerosmith,0.99
Richard                                            Cunningham                                        ,Deep Purple,0.99
Daan                                               Peeters                                           ,Alanis Morissette,0.99
Madalena                                           Sampaio                                           ,Frank Sinatra,0.99
Camille                                            Bernard                                           ,Soundgarden,0.99
Eduardo                                            Martins                                           ,Apocalyptica,0.99
Isabelle                                           Mercier                                           ,David Coverdale,0.99
Daan                                               Peeters                                           ,Green Day,0.99
Stanisław                                          Wójcik                                            ,Judas Priest,0.99
Mark                                               Philips                                           ,The Who,0.99
Joakim                                             Johansson                                         ,Legião Urbana,0.99
Luís                                               Gonçalves                                         ,System Of A Down,0.99
Terhi                                              Hämäläinen                                        ,Nirvana,0.99
Camille                                            Bernard                                           ,AC/DC,0.99
John                                               Gordon                                            ,Marillion,0.99
Michelle                                           Brooks                                            ,Buddy Guy,0.99
Martha                                             Silk                                              ,Metallica,0.99
John                                               Gordon                                            ,The Clash,0.99
Fernanda                                           Ramos                                             ,Van Halen,0.99
Patrick                                            Gray                                              ,Miles Davis,0.99
Aaron                                              Mitchell                                          ,Soundgarden,0.99
Roberto                                            Almeida                                           ,Lenny Kravitz,0.99
Diego                                              Gutiérrez                                         ,Judas Priest,0.99
Ladislav                                           Kovács                                            ,Raimundos,0.99
Roberto                                            Almeida                                           ,System Of A Down,0.99
Patrick                                            Gray                                              ,Cássia Eller,0.99
Tim                                                Goyer                                             ,The Who,0.99
Victor                                             Stevens                                           ,Marillion,0.99
Frank                                              Ralston                                           ,Marillion,0.99
Jennifer                                           Peterson                                          ,Mötley Crüe,0.99
Edward                                             Francis                                           ,Frank Sinatra,0.99
Stanisław                                          Wójcik                                            ,Yo-Yo Ma,0.99
Camille                                            Bernard                                           ,Faith No More,0.99
Fernanda                                           Ramos                                             ,Miles Davis,0.99
Johannes                                           Van der Berg                                      ,AC/DC,0.99
Dominique                                          Lefebvre                                          ,Eric Clapton,0.99
Emma                                               Jones                                             ,Ozzy Osbourne,0.99
Julia                                              Barnett                                           ,Soundgarden,0.99
Dominique                                          Lefebvre                                          ,Men At Work,0.99
Luis                                               Rojas                                             ,Iron Maiden,0.99
Jack                                               Smith                                             ,Temple of the Dog,0.99
R                                                  Madhav                                            ,The Rolling Stones,0.99
Puja                                               Srivastava                                        ,Led Zeppelin,0.99
Patrick                                            Gray                                              ,Alanis Morissette,0.99
Steve                                              Murray                                            ,Godsmack,0.99
Wyatt                                              Girard                                            ,The Black Crowes,0.99
Dominique                                          Lefebvre                                          ,The Rolling Stones,0.99
Camille                                            Bernard                                           ,Luciano Pavarotti,0.99
Dominique                                          Lefebvre                                          ,The Doors,0.99
Daan                                               Peeters                                           ,Deep Purple,0.99
Helena                                             Holý                                              ,Green Day,0.99
Dan                                                Miller                                            ,Scorpions,0.99
Jennifer                                           Peterson                                          ,The Police,0.99
Martha                                             Silk                                              ,Eric Clapton,0.99
Dominique                                          Lefebvre                                          ,Apocalyptica,0.99
Richard                                            Cunningham                                        ,AC/DC,0.99
Jack                                               Smith                                             ,Scorpions,0.99
Phil                                               Hughes                                            ,Gustav Mahler,0.99
Diego                                              Gutiérrez                                         ,Pearl Jam,0.99
Fynn                                               Zimmermann                                        ,Marvin Gaye,0.99
Fynn                                               Zimmermann                                        ,Lenny Kravitz,0.99
Ladislav                                           Kovács                                            ,Led Zeppelin,0.99
Lucas                                              Mancini                                           ,James Brown,0.99
Marc                                               Dubois                                            ,Jamiroquai,0.99
Astrid                                             Gruber                                            ,Kiss,0.99
Leonie                                             Köhler                                            ,Itzhak Perlman,0.99
Alexandre                                          Rocha                                             ,System Of A Down,0.99
Helena                                             Holý                                              ,O Rappa,0.99
Puja                                               Srivastava                                        ,Scorpions,0.99
Jack                                               Smith                                             ,The Cult,0.99
Hugh                                               O'Reilly                                          ,System Of A Down,0.99
Ladislav                                           Kovács                                            ,Scorpions,0.99
Aaron                                              Mitchell                                          ,Scorpions,0.99
Luís                                               Gonçalves                                         ,Scorpions,0.99
Terhi                                              Hämäläinen                                        ,Cake,0.99
R                                                  Madhav                                            ,Velvet Revolver,0.99
Frank                                              Ralston                                           ,Cake,0.99
Puja                                               Srivastava                                        ,Stone Temple Pilots,0.99
Manoj                                              Pareek                                            ,Luciano Pavarotti,0.99
Aaron                                              Mitchell                                          ,AC/DC,0.99
Marc                                               Dubois                                            ,James Brown,0.99
Dan                                                Miller                                            ,The Clash,0.99
Luis                                               Rojas                                             ,Marvin Gaye,0.99
Ladislav                                           Kovács                                            ,Motörhead,0.99
Terhi                                              Hämäläinen                                        ,Foo Fighters,0.99
Luis                                               Rojas                                             ,Black Sabbath,0.99
Ladislav                                           Kovács                                            ,Iron Maiden,0.99
Tim                                                Goyer                                             ,Iron Maiden,0.99
Ellie                                              Sullivan                                          ,The Clash,0.99
Madalena                                           Sampaio                                           ,Accept,0.99
Michelle                                           Brooks                                            ,Cake,0.99
Heather                                            Leacock                                           ,Queen,0.99
Enrique                                            Muñoz                                             ,Yo-Yo Ma,0.99
Frank                                              Ralston                                           ,The Clash,0.99
Dan                                                Miller                                            ,Aerosmith,0.99
Steve                                              Murray                                            ,Velvet Revolver,0.99
Hannah                                             Schneider                                         ,Stone Temple Pilots,0.99
Eduardo                                            Martins                                           ,Audioslave,0.99
Richard                                            Cunningham                                        ,Cake,0.99
Lucas                                              Mancini                                           ,The Doors,0.99
Steve                                              Murray                                            ,Cake,0.99
Luís                                               Gonçalves                                         ,R.E.M.,0.99
John                                               Gordon                                            ,Velvet Revolver,0.99
Mark                                               Philips                                           ,Rush,0.99
Frank                                              Ralston                                           ,The Who,0.99
François                                           Tremblay                                          ,Itzhak Perlman,0.99
John                                               Gordon                                            ,Deep Purple,0.99
Heather                                            Leacock                                           ,Eric Clapton,0.99
João                                               Fernandes                                         ,Motörhead,0.99
Joakim                                             Johansson                                         ,Def Leppard,0.99
Ellie                                              Sullivan                                          ,Planet Hemp,0.99
Niklas                                             Schröder                                          ,Miles Davis,0.99
Camille                                            Bernard                                           ,Black Label Society,0.99
Stanisław                                          Wójcik                                            ,Amy Winehouse,0.99
Edward                                             Francis                                           ,The Clash,0.99
Hugh                                               O'Reilly                                          ,House Of Pain,0.99
Heather                                            Leacock                                           ,Velvet Revolver,0.99
Madalena                                           Sampaio                                           ,Jamiroquai,0.99
Diego                                              Gutiérrez                                         ,James Brown,0.99
Aaron                                              Mitchell                                          ,Mötley Crüe,0.99
Julia                                              Barnett                                           ,Aerosmith,0.99
Luis                                               Rojas                                             ,Metallica,0.99
Patrick                                            Gray                                              ,Jimi Hendrix,0.99
Enrique                                            Muñoz                                             ,Tim Maia,0.99
Edward                                             Francis                                           ,Alice In Chains,0.99
Dan                                                Miller                                            ,Mötley Crüe,0.99
Fernanda                                           Ramos                                             ,Soundgarden,0.99
Enrique                                            Muñoz                                             ,Gonzaguinha,0.99
Richard                                            Cunningham                                        ,Frank Sinatra,0.99
Stanisław                                          Wójcik                                            ,Deep Purple,0.99
Patrick                                            Gray                                              ,Men At Work,0.99
Luís                                               Gonçalves                                         ,Godsmack,0.99
Steve                                              Murray                                            ,Luciano Pavarotti,0.99
João                                               Fernandes                                         ,The Doors,0.99
Enrique                                            Muñoz                                             ,Luciano Pavarotti,0.99
Puja                                               Srivastava                                        ,AC/DC,0.99
François                                           Tremblay                                          ,Velvet Revolver,0.99
R                                                  Madhav                                            ,Green Day,0.99
Puja                                               Srivastava                                        ,The Police,0.99
John                                               Gordon                                            ,Karsh Kale,0.99
Dan                                                Miller                                            ,Luciana Souza/Romero Lubambo,0.99
Enrique                                            Muñoz                                             ,Eric Clapton,0.99
Wyatt                                              Girard                                            ,Ozzy Osbourne,0.99
Camille                                            Bernard                                           ,UB40,0.99
Alexandre                                          Rocha                                             ,Nirvana,0.99
Lucas                                              Mancini                                           ,Alice In Chains,0.99
Camille                                            Bernard                                           ,Queen,0.99
François                                           Tremblay                                          ,Legião Urbana,0.99
Johannes                                           Van der Berg                                      ,Rush,0.99
Mark                                               Taylor                                            ,Creedence Clearwater Revival,0.99
Tim                                                Goyer                                             ,Pearl Jam,0.99
Stanisław                                          Wójcik                                            ,R.E.M.,0.99
Patrick                                            Gray                                              ,The Who,0.99
Astrid                                             Gruber                                            ,R.E.M.,0.99
Camille                                            Bernard                                           ,Pink Floyd,0.99
Michelle                                           Brooks                                            ,Def Leppard,0.99
Hugh                                               O'Reilly                                          ,UB40,0.99
Emma                                               Jones                                             ,Lulu Santos,0.99
Marc                                               Dubois                                            ,Faith No More,0.99
Fernanda                                           Ramos                                             ,Cake,0.99
Mark                                               Philips                                           ,Page & Plant,0.99
Puja                                               Srivastava                                        ,R.E.M.,0.99
Jack                                               Smith                                             ,Pink Floyd,0.99
Phil                                               Hughes                                            ,Jota Quest,0.99
Luis                                               Rojas                                             ,Os Mutantes,0.99
Puja                                               Srivastava                                        ,Metallica,0.99
Jack                                               Smith                                             ,Godsmack,0.99
Diego                                              Gutiérrez                                         ,Jimi Hendrix,0.99
Mark                                               Philips                                           ,Van Halen,0.99
Leonie                                             Köhler                                            ,Led Zeppelin,0.99
Marc                                               Dubois                                            ,System Of A Down,0.99
Marc                                               Dubois                                            ,Audioslave,0.99
Richard                                            Cunningham                                        ,Mötley Crüe,0.99
Lucas                                              Mancini                                           ,Ozzy Osbourne,0.99
Lucas                                              Mancini                                           ,AC/DC,0.99
Tim                                                Goyer                                             ,Billy Cobham,0.99
Johannes                                           Van der Berg                                      ,Pearl Jam,0.99
Puja                                               Srivastava                                        ,Godsmack,0.99
R                                                  Madhav                                            ,Pearl Jam,0.99
Helena                                             Holý                                              ,Motörhead,0.99
Luis                                               Rojas                                             ,Judas Priest,0.99
R                                                  Madhav                                            ,Miles Davis,0.99
Ladislav                                           Kovács                                            ,Lost,0.99
Heather                                            Leacock                                           ,Incognito,0.99
Joakim                                             Johansson                                         ,UB40,0.99
Enrique                                            Muñoz                                             ,Motörhead,0.99
Richard                                            Cunningham                                        ,Judas Priest,0.99
Luís                                               Gonçalves                                         ,Santana,0.99
Madalena                                           Sampaio                                           ,Ed Motta,0.99
Isabelle                                           Mercier                                           ,Frank Sinatra,0.99
Michelle                                           Brooks                                            ,Skank,0.99
Patrick                                            Gray                                              ,Frank Sinatra,0.99
Ladislav                                           Kovács                                            ,Nicolaus Esterhazy Sinfonia,0.99
Ellie                                              Sullivan                                          ,JET,0.99
Richard                                            Cunningham                                        ,The Cult,0.99
Heather                                            Leacock                                           ,Faith No More,0.99
Kathy                                              Chase                                             ,Titãs,0.99
Edward                                             Francis                                           ,Joe Satriani,0.99
Isabelle                                           Mercier                                           ,Caetano Veloso,0.99
Victor                                             Stevens                                           ,Motörhead,0.99
Dominique                                          Lefebvre                                          ,Calexico,0.99
Jennifer                                           Peterson                                          ,Pink Floyd,0.99
Hannah                                             Schneider                                         ,Creedence Clearwater Revival,0.99
Steve                                              Murray                                            ,Gustav Mahler,0.99
Julia                                              Barnett                                           ,Eric Clapton,0.99
Julia                                              Barnett                                           ,Jamiroquai,0.99
Kara                                               Nielsen                                           ,Def Leppard,0.99
Julia                                              Barnett                                           ,Alice In Chains,0.99
Enrique                                            Muñoz                                             ,Creedence Clearwater Revival,0.99
Fynn                                               Zimmermann                                        ,Red Hot Chili Peppers,0.99
Ladislav                                           Kovács                                            ,Djavan,0.99
João                                               Fernandes                                         ,House Of Pain,0.99
Tim                                                Goyer                                             ,Joe Satriani,0.99
Aaron                                              Mitchell                                          ,Jota Quest,0.99
Stanisław                                          Wójcik                                            ,David Coverdale,0.99
Daan                                               Peeters                                           ,Cake,0.99
Camille                                            Bernard                                           ,Lenny Kravitz,0.99
Hugh                                               O'Reilly                                          ,Van Halen,0.99
Richard                                            Cunningham                                        ,Antônio Carlos Jobim,0.99
Marc                                               Dubois                                            ,Creedence Clearwater Revival,0.99
Roberto                                            Almeida                                           ,Apocalyptica,0.99
Edward                                             Francis                                           ,Kiss,0.99
Mark                                               Taylor                                            ,Eric Clapton,0.99
François                                           Tremblay                                          ,Kiss,0.99
Ladislav                                           Kovács                                            ,Judas Priest,0.99
Johannes                                           Van der Berg                                      ,Stone Temple Pilots,0.99
João                                               Fernandes                                         ,Def Leppard,0.99
Helena                                             Holý                                              ,Lulu Santos,0.99
Bjørn                                              Hansen                                            ,Alice In Chains,0.99
Manoj                                              Pareek                                            ,Queen,0.99
Jack                                               Smith                                             ,Pearl Jam,0.99
Julia                                              Barnett                                           ,Os Mutantes,0.99
Dominique                                          Lefebvre                                          ,Alanis Morissette,0.99
Richard                                            Cunningham                                        ,Cássia Eller,0.99
Julia                                              Barnett                                           ,The Who,0.99
Steve                                              Murray                                            ,Van Halen,0.99
Manoj                                              Pareek                                            ,Cake,0.99
Dan                                                Miller                                            ,Miles Davis,0.99
Wyatt                                              Girard                                            ,Nirvana,0.99
Enrique                                            Muñoz                                             ,Queen,0.99
Aaron                                              Mitchell                                          ,Guns N' Roses,0.99
Lucas                                              Mancini                                           ,Aerosmith,0.99
Puja                                               Srivastava                                        ,Red Hot Chili Peppers,0.99
Hugh                                               O'Reilly                                          ,Marvin Gaye,0.99
Luís                                               Gonçalves                                         ,Djavan,0.99
Madalena                                           Sampaio                                           ,Yo-Yo Ma,0.99
Daan                                               Peeters                                           ,Incognito,0.99
Emma                                               Jones                                             ,Iron Maiden,0.99
Ellie                                              Sullivan                                          ,Tim Maia,0.99
Niklas                                             Schröder                                          ,Godsmack,0.99
Aaron                                              Mitchell                                          ,Marvin Gaye,0.99
Wyatt                                              Girard                                            ,Men At Work,0.99
Alexandre                                          Rocha                                             ,Rush,0.99
Robert                                             Brown                                             ,Van Halen,0.99
Marc                                               Dubois                                            ,Milton Nascimento,0.99
François                                           Tremblay                                          ,Santana,0.99
Michelle                                           Brooks                                            ,Marvin Gaye,0.99
Ellie                                              Sullivan                                          ,Scorpions,0.99
Roberto                                            Almeida                                           ,Audioslave,0.99
Patrick                                            Gray                                              ,Red Hot Chili Peppers,0.99
Aaron                                              Mitchell                                          ,Aerosmith,0.99
Ellie                                              Sullivan                                          ,Titãs,0.99
Hugh                                               O'Reilly                                          ,The Rolling Stones,0.99
Michelle                                           Brooks                                            ,Men At Work,0.99
Kara                                               Nielsen                                           ,The Cult,0.99
Edward                                             Francis                                           ,Metallica,0.99
R                                                  Madhav                                            ,Metallica,0.99
Enrique                                            Muñoz                                             ,James Brown,0.99
Fernanda                                           Ramos                                             ,Godsmack,0.99
Victor                                             Stevens                                           ,U2,0.99
Wyatt                                              Girard                                            ,Guns N' Roses,0.99
Patrick                                            Gray                                              ,U2,0.99
Eduardo                                            Martins                                           ,Soundgarden,0.99
Tim                                                Goyer                                             ,The Doors,0.99
Joakim                                             Johansson                                         ,Black Sabbath,0.99
Luis                                               Rojas                                             ,The Posies,0.99
Robert                                             Brown                                             ,Metallica,0.99
Luis                                               Rojas                                             ,Tim Maia,0.99
Mark                                               Philips                                           ,Alice In Chains,0.99
Jack                                               Smith                                             ,James Brown,0.99
Isabelle                                           Mercier                                           ,The Black Crowes,0.99
Luis                                               Rojas                                             ,Frank Sinatra,0.99
Dan                                                Miller                                            ,Iron Maiden,0.99
Jack                                               Smith                                             ,Accept,0.99
Luís                                               Gonçalves                                         ,Def Leppard,0.99
R                                                  Madhav                                            ,James Brown,0.99
Michelle                                           Brooks                                            ,Miles Davis,0.99
Stanisław                                          Wójcik                                            ,Jorge Ben,0.99
Hannah                                             Schneider                                         ,Motörhead,0.99
João                                               Fernandes                                         ,Milton Nascimento,0.99
Eduardo                                            Martins                                           ,Joe Satriani,0.99
Dominique                                          Lefebvre                                          ,Soundgarden,0.99
Edward                                             Francis                                           ,Scorpions,0.99
Alexandre                                          Rocha                                             ,Pink Floyd,0.99
Madalena                                           Sampaio                                           ,Nirvana,0.99
Diego                                              Gutiérrez                                         ,Red Hot Chili Peppers,0.99
Leonie                                             Köhler                                            ,Scorpions,0.99
Ellie                                              Sullivan                                          ,Foo Fighters,0.99
Ladislav                                           Kovács                                            ,The Police,0.99
Stanisław                                          Wójcik                                            ,Def Leppard,0.99
Johannes                                           Van der Berg                                      ,The Clash,0.99
Hugh                                               O'Reilly                                          ,The Doors,0.99
Ladislav                                           Kovács                                            ,R.E.M.,0.99
Edward                                             Francis                                           ,Rush,0.99
Helena                                             Holý                                              ,Frank Sinatra,0.99
Martha                                             Silk                                              ,The Posies,0.99
Isabelle                                           Mercier                                           ,System Of A Down,0.99
Madalena                                           Sampaio                                           ,Marcos Valle,0.99
Wyatt                                              Girard                                            ,The Doors,0.99
Patrick                                            Gray                                              ,Marvin Gaye,0.99
Leonie                                             Köhler                                            ,Mötley Crüe,0.99
Hugh                                               O'Reilly                                          ,Foo Fighters,0.99
Ladislav                                           Kovács                                            ,Black Sabbath,0.99
Richard                                            Cunningham                                        ,The Rolling Stones,0.99
Madalena                                           Sampaio                                           ,Cake,0.99
Phil                                               Hughes                                            ,Pearl Jam,0.99
R                                                  Madhav                                            ,Vinícius De Moraes,0.99
Fernanda                                           Ramos                                             ,The Cult,0.99
João                                               Fernandes                                         ,Pearl Jam,0.99
Heather                                            Leacock                                           ,Scorpions,0.99
Lucas                                              Mancini                                           ,Ed Motta,0.99
Leonie                                             Köhler                                            ,UB40,0.99
Steve                                              Murray                                            ,Amy Winehouse,0.99
Eduardo                                            Martins                                           ,Pearl Jam,0.99
François                                           Tremblay                                          ,Alice In Chains,0.99
Puja                                               Srivastava                                        ,Motörhead,0.99
Fernanda                                           Ramos                                             ,Tim Maia,0.99
Mark                                               Philips                                           ,Jimi Hendrix,0.99
Joakim                                             Johansson                                         ,Scorpions,0.99
Johannes                                           Van der Berg                                      ,Jamiroquai,0.99
Edward                                             Francis                                           ,Amy Winehouse,0.99
Wyatt                                              Girard                                            ,Chris Cornell,0.99
Puja                                               Srivastava                                        ,The Doors,0.99
Alexandre                                          Rocha                                             ,Frank Sinatra,0.99
Mark                                               Philips                                           ,Green Day,0.99
Mark                                               Taylor                                            ,Mötley Crüe,0.99
Ellie                                              Sullivan                                          ,Passengers,0.99
Edward                                             Francis                                           ,The Police,0.99
Frank                                              Ralston                                           ,Iron Maiden,0.99
Frank                                              Harris                                            ,Passengers,0.99
Hugh                                               O'Reilly                                          ,Ed Motta,0.99
Victor                                             Stevens                                           ,Os Mutantes,0.99
Emma                                               Jones                                             ,Black Label Society,0.99
Steve                                              Murray                                            ,Alice In Chains,0.99
Richard                                            Cunningham                                        ,Marisa Monte,0.99
Edward                                             Francis                                           ,R.E.M.,0.99
